create database climatechange_db;
grant all privileges on climatechange_db.* to 'webapp'@'%';

flush privileges;


use climatechange_db;

create table continents(
    continentid int auto_increment not null,
    continent text not null,
    primary key(continentID)
);

create table countries(
    countryID int auto_increment not null,
    country text not null,
    GDP_in_billions text not null,
    air_quality float not null,
    population_in_millions int not null,
    sea_level float not null,
    continentID int,
    primary key(countryID),
    foreign key (continentID) references continents(continentID)
);


create table industry(
    industryID int auto_increment not null,
    industry text not null,
    annual_emissions_in_millions float not null,
    annual_revenue_in_millions text not null,
    countryID int,
    primary key(industryID),
    foreign key (countryID) references countries(countryID)

);

create table climate_change_trends(
    trend_year year not null,
    temperature float not null,
    air_quality float not null,
    sea_level float not null,
    primary key(trend_year)
);

create table cities(
    cityID int auto_increment not null,
    GDP_in_billions text not null,
    city varchar(50) not null,
    population_in_millions float not null,
    sea_level float not null,
    countryID int,
    trend_year year,
    primary key(cityID),
    foreign key (countryID) references countries(countryID),
    foreign key (trend_year) references climate_change_trends(trend_year)
);




create table people(
    age int not null,
    peopleID int auto_increment not null,
    income text,
    gender varchar(40) not null,
    race text not null,
    annual_emissions float not null,
    first_name varchar(20) not null,
    last_name varchar(20) not null,
    email text,
    phone text,
    street text not null,
    postal_code varchar(30),
    industryID int,
    cityID int,
    countryID int,
    primary key(peopleID),
    foreign key (industryID) references industry(industryID),
    foreign key (cityID) references cities(cityID),
    foreign key (countryID) references countries(countryID)
);


create table appendix(
    acronym varchar(10) not null,
    definition text not null,
    phrase varchar(100) not null,
    further_reading text not null,
    primary key(acronym, phrase)
);

create table energy(
    cost_per_watt float not null,
    energy_type varchar(20),
    energyid int auto_increment not null,
    primary key(energyid)
);

create table resource(
    resourceID int auto_increment not null,
    resource_name varchar(30) not null,
    energyID int,
    primary key(resourceID),
    foreign key (energyID) references energy(energyID)
    );

create table radiative_forcing(
    rf_cityID int auto_increment not null,
    co2 float not null,
    other_GHG float not null,
    ozone float not null,
    ARI float not null,
    surface_albedo float not null,
    contrails float not null,
    SWCH4 float not null,
    solar_irradiance float not null,
    trend_year year,
    primary key(rf_cityID),
    foreign key (trend_year) references climate_change_trends(trend_year)
);

create table adaptation_techniques(
    adaptationID int auto_increment not null,
    adaptation_technique varchar(30) not null,
    est_lives_saved_per_dollar int not null,
    est_dollars_saved_per_dollar float not null,
    primary key(adaptationid)
);

create table mitigation_techniques(
    mitigationID int auto_increment not null,
    mitigation_type varchar(30) not null,
    WPM_RFMPD float not null,
    primary key(mitigationID)

);

create table city_mitigation_techs(
    mitigationID int,
    cityID int,
    foreign key (mitigationID) references mitigation_techniques(mitigationID),
    foreign key (cityID) references cities(cityID)
);

create table city_energy(
    energyID int,
    cityID int,
    foreign key (energyID) references energy(energyID),
    foreign key (cityID) references cities(cityID)
);

create table city_adaptation_techs(
    adaptationID int,
    cityID int,
    foreign key (adaptationID) references adaptation_techniques(adaptationID),
    foreign key (cityID) references cities(cityID)
);


insert into continents (continentID, continent) values (1, 'NA');
insert into continents (continentID, continent) values (2, 'AF');
insert into continents (continentID, continent) values (3, 'OC');
insert into continents (continentID, continent) values (4, 'AS');
insert into continents (continentID, continent) values (5, 'EU');
insert into continents (continentID, continent) values (6, 'SA');
insert into continents (continentID, continent) values (7, 'AN');


insert into countries (countryid, country, population_in_millions, air_quality, sea_level, GDP_in_billions, continentID) values (1, 'China', 594, 139, 85, '$30.44', '5');
insert into countries (countryid, country, population_in_millions, air_quality, sea_level, GDP_in_billions, continentID) values (2, 'Indonesia', 278, 309, 29, '$11.53', '2');
insert into countries (countryid, country, population_in_millions, air_quality, sea_level, GDP_in_billions, continentID) values (3, 'China', 853, 370, 74, '$48.54', '6');
insert into countries (countryid, country, population_in_millions, air_quality, sea_level, GDP_in_billions, continentID) values (4, 'Brazil', 856, 157, 35, '$13.32', '7');
insert into countries (countryid, country, population_in_millions, air_quality, sea_level, GDP_in_billions, continentID) values (5, 'South Africa', 688, 98, 100, '$19.99', '1');
insert into countries (countryid, country, population_in_millions, air_quality, sea_level, GDP_in_billions, continentID) values (6, 'Portugal', 430, 8, 19, '$3.15', '3');
insert into countries (countryid, country, population_in_millions, air_quality, sea_level, GDP_in_billions, continentID) values (7, 'Spain', 158, 157, 61, '$21.72', '4');
insert into countries (countryid, country, population_in_millions, air_quality, sea_level, GDP_in_billions, continentID) values (8, 'Germany', 795, 47, 29, '$13.04', '5');
insert into countries (countryid, country, population_in_millions, air_quality, sea_level, GDP_in_billions, continentID) values (9, 'China', 857, 124, 63, '$21.45', '1');
insert into countries (countryid, country, population_in_millions, air_quality, sea_level, GDP_in_billions, continentID) values (10, 'Thailand', 560, 340, 21, '$43.66', '6');
insert into countries (countryid, country, population_in_millions, air_quality, sea_level, GDP_in_billions, continentID) values (11, 'Sweden', 689, 315, 91, '$38.59', '7');
insert into countries (countryid, country, population_in_millions, air_quality, sea_level, GDP_in_billions, continentID) values (12, 'France', 136, 72, 71, '$16.43', '2');
insert into countries (countryid, country, population_in_millions, air_quality, sea_level, GDP_in_billions, continentID) values (13, 'El Salvador', 968, 173, 69, '$41.99', '3');
insert into countries (countryid, country, population_in_millions, air_quality, sea_level, GDP_in_billions, continentID) values (14, 'China', 501, 125, 86, '$38.09', '4');
insert into countries (countryid, country, population_in_millions, air_quality, sea_level, GDP_in_billions, continentID) values (15, 'Indonesia', 938, 0, 71, '$38.66', '7');
insert into countries (countryid, country, population_in_millions, air_quality, sea_level, GDP_in_billions, continentID) values (16, 'Ukraine', 877, 276, 45, '$10.33', '5');
insert into countries (countryid, country, population_in_millions, air_quality, sea_level, GDP_in_billions, continentID) values (17, 'Philippines', 289, 10, 47, '$46.18', '3');
insert into countries (countryid, country, population_in_millions, air_quality, sea_level, GDP_in_billions, continentID) values (18, 'Bahamas', 550, 132, 25, '$2.33', '6');
insert into countries (countryid, country, population_in_millions, air_quality, sea_level, GDP_in_billions, continentID) values (19, 'Brazil', 484, 91, 88, '$24.87', '1');
insert into countries (countryid, country, population_in_millions, air_quality, sea_level, GDP_in_billions, continentID) values (20, 'Indonesia', 543, 41, 92, '$30.59', '4');
insert into countries (countryid, country, population_in_millions, air_quality, sea_level, GDP_in_billions, continentID) values (21, 'Tanzania', 817, 297, 10, '$37.90', '2');
insert into countries (countryid, country, population_in_millions, air_quality, sea_level, GDP_in_billions, continentID) values (22, 'Russia', 457, 396, 56, '$1.53', '1');
insert into countries (countryid, country, population_in_millions, air_quality, sea_level, GDP_in_billions, continentID) values (23, 'Russia', 485, 406, 47, '$25.90', '3');
insert into countries (countryid, country, population_in_millions, air_quality, sea_level, GDP_in_billions, continentID) values (24, 'Morocco', 971, 325, 38, '$31.93', '6');
insert into countries (countryid, country, population_in_millions, air_quality, sea_level, GDP_in_billions, continentID) values (25, 'Jamaica', 617, 216, 15, '$1.25', '7');
insert into countries (countryid, country, population_in_millions, air_quality, sea_level, GDP_in_billions, continentID) values (26, 'France', 306, 3, 93, '$49.27', '5');
insert into countries (countryid, country, population_in_millions, air_quality, sea_level, GDP_in_billions, continentID) values (27, 'Nepal', 110, 155, 27, '$18.91', '4');
insert into countries (countryid, country, population_in_millions, air_quality, sea_level, GDP_in_billions, continentID) values (28, 'China', 436, 256, 65, '$10.40', '2');
insert into countries (countryid, country, population_in_millions, air_quality, sea_level, GDP_in_billions, continentID) values (29, 'Philippines', 321, 341, 30, '$5.08', '6');
insert into countries (countryid, country, population_in_millions, air_quality, sea_level, GDP_in_billions, continentID) values (30, 'Indonesia', 545, 26, 45, '$10.27', '7');
insert into countries (countryid, country, population_in_millions, air_quality, sea_level, GDP_in_billions, continentID) values (31, 'China', 334, 199, 83, '$49.36', '4');
insert into countries (countryid, country, population_in_millions, air_quality, sea_level, GDP_in_billions, continentID) values (32, 'China', 334, 469, 22, '$33.68', '5');
insert into countries (countryid, country, population_in_millions, air_quality, sea_level, GDP_in_billions, continentID) values (33, 'Canada', 318, 154, 43, '$36.58', '3');
insert into countries (countryid, country, population_in_millions, air_quality, sea_level, GDP_in_billions, continentID) values (34, 'China', 280, 271, 43, '$17.76', '2');
insert into countries (countryid, country, population_in_millions, air_quality, sea_level, GDP_in_billions, continentID) values (35, 'United Kingdom', 734, 489, 57, '$44.24', '1');
insert into countries (countryid, country, population_in_millions, air_quality, sea_level, GDP_in_billions, continentID) values (36, 'Bolivia', 534, 410, 57, '$48.82', '3');
insert into countries (countryid, country, population_in_millions, air_quality, sea_level, GDP_in_billions, continentID) values (37, 'China', 129, 126, 32, '$2.30', '5');
insert into countries (countryid, country, population_in_millions, air_quality, sea_level, GDP_in_billions, continentID) values (38, 'Bolivia', 146, 489, 48, '$47.88', '6');
insert into countries (countryid, country, population_in_millions, air_quality, sea_level, GDP_in_billions, continentID) values (39, 'Peru', 864, 387, 16, '$11.61', '2');
insert into countries (countryid, country, population_in_millions, air_quality, sea_level, GDP_in_billions, continentID) values (40, 'Russia', 807, 46, 26, '$29.72', '1');
insert into countries (countryid, country, population_in_millions, air_quality, sea_level, GDP_in_billions, continentID) values (41, 'Indonesia', 886, 136, 34, '$47.96', '4');
insert into countries (countryid, country, population_in_millions, air_quality, sea_level, GDP_in_billions, continentID) values (42, 'Colombia', 994, 455, 90, '$37.33', '7');
insert into countries (countryid, country, population_in_millions, air_quality, sea_level, GDP_in_billions, continentID) values (43, 'United States', 932, 402, 24, '$13.20', '3');
insert into countries (countryid, country, population_in_millions, air_quality, sea_level, GDP_in_billions, continentID) values (44, 'Colombia', 124, 220, 75, '$22.14', '5');
insert into countries (countryid, country, population_in_millions, air_quality, sea_level, GDP_in_billions, continentID) values (45, 'Mexico', 230, 158, 17, '$44.62', '6');
insert into countries (countryid, country, population_in_millions, air_quality, sea_level, GDP_in_billions, continentID) values (46, 'Indonesia', 602, 144, 88, '$3.99', '4');
insert into countries (countryid, country, population_in_millions, air_quality, sea_level, GDP_in_billions, continentID) values (47, 'Ukraine', 754, 162, 94, '$22.09', '1');
insert into countries (countryid, country, population_in_millions, air_quality, sea_level, GDP_in_billions, continentID) values (48, 'Palestinian Territory', 500, 478, 28, '$40.97', '2');
insert into countries (countryid, country, population_in_millions, air_quality, sea_level, GDP_in_billions, continentID) values (49, 'Russia', 185, 426, 15, '$34.88', '7');
insert into countries (countryid, country, population_in_millions, air_quality, sea_level, GDP_in_billions, continentID) values (50, 'Bulgaria', 424, 294, 63, '$13.37', '3');
insert into countries (countryid, country, population_in_millions, air_quality, sea_level, GDP_in_billions, continentID) values (51, 'Russia', 286, 23, 89, '$1.07', '7');
insert into countries (countryid, country, population_in_millions, air_quality, sea_level, GDP_in_billions, continentID) values (52, 'China', 198, 443, 48, '$33.85', '4');
insert into countries (countryid, country, population_in_millions, air_quality, sea_level, GDP_in_billions, continentID) values (53, 'China', 114, 58, 63, '$48.08', '5');
insert into countries (countryid, country, population_in_millions, air_quality, sea_level, GDP_in_billions, continentID) values (54, 'Czech Republic', 730, 169, 71, '$29.55', '2');
insert into countries (countryid, country, population_in_millions, air_quality, sea_level, GDP_in_billions, continentID) values (55, 'Mexico', 389, 220, 34, '$39.53', '6');
insert into countries (countryid, country, population_in_millions, air_quality, sea_level, GDP_in_billions, continentID) values (56, 'France', 341, 417, 42, '$31.68', '1');
insert into countries (countryid, country, population_in_millions, air_quality, sea_level, GDP_in_billions, continentID) values (57, 'China', 594, 41, 31, '$2.76', '5');
insert into countries (countryid, country, population_in_millions, air_quality, sea_level, GDP_in_billions, continentID) values (58, 'Jordan', 381, 180, 34, '$26.95', '6');
insert into countries (countryid, country, population_in_millions, air_quality, sea_level, GDP_in_billions, continentID) values (59, 'Japan', 737, 232, 100, '$23.71', '4');
insert into countries (countryid, country, population_in_millions, air_quality, sea_level, GDP_in_billions, continentID) values (60, 'Ireland', 464, 266, 83, '$29.02', '7');
insert into countries (countryid, country, population_in_millions, air_quality, sea_level, GDP_in_billions, continentID) values (61, 'Nigeria', 259, 402, 33, '$18.99', '2');
insert into countries (countryid, country, population_in_millions, air_quality, sea_level, GDP_in_billions, continentID) values (62, 'Nigeria', 416, 420, 29, '$26.46', '1');
insert into countries (countryid, country, population_in_millions, air_quality, sea_level, GDP_in_billions, continentID) values (63, 'China', 350, 274, 37, '$2.67', '3');
insert into countries (countryid, country, population_in_millions, air_quality, sea_level, GDP_in_billions, continentID) values (64, 'Portugal', 955, 25, 40, '$6.89', '4');
insert into countries (countryid, country, population_in_millions, air_quality, sea_level, GDP_in_billions, continentID) values (65, 'Indonesia', 760, 155, 93, '$49.32', '5');
insert into countries (countryid, country, population_in_millions, air_quality, sea_level, GDP_in_billions, continentID) values (66, 'Malta', 202, 315, 12, '$48.00', '3');
insert into countries (countryid, country, population_in_millions, air_quality, sea_level, GDP_in_billions, continentID) values (67, 'Indonesia', 620, 51, 14, '$32.45', '1');
insert into countries (countryid, country, population_in_millions, air_quality, sea_level, GDP_in_billions, continentID) values (68, 'Brazil', 578, 282, 54, '$36.43', '2');
insert into countries (countryid, country, population_in_millions, air_quality, sea_level, GDP_in_billions, continentID) values (69, 'China', 491, 224, 76, '$47.69', '7');
insert into countries (countryid, country, population_in_millions, air_quality, sea_level, GDP_in_billions, continentID) values (70, 'Indonesia', 576, 173, 32, '$15.22', '6');
insert into countries (countryid, country, population_in_millions, air_quality, sea_level, GDP_in_billions, continentID) values (71, 'Brazil', 621, 55, 94, '$37.33', '3');
insert into countries (countryid, country, population_in_millions, air_quality, sea_level, GDP_in_billions, continentID) values (72, 'China', 465, 163, 77, '$20.11', '5');
insert into countries (countryid, country, population_in_millions, air_quality, sea_level, GDP_in_billions, continentID) values (73, 'Ukraine', 489, 105, 97, '$38.39', '7');
insert into countries (countryid, country, population_in_millions, air_quality, sea_level, GDP_in_billions, continentID) values (74, 'Slovenia', 871, 21, 61, '$18.18', '6');
insert into countries (countryid, country, population_in_millions, air_quality, sea_level, GDP_in_billions, continentID) values (75, 'Syria', 189, 338, 95, '$35.05', '2');
insert into countries (countryid, country, population_in_millions, air_quality, sea_level, GDP_in_billions, continentID) values (76, 'Syria', 791, 191, 74, '$45.90', '4');
insert into countries (countryid, country, population_in_millions, air_quality, sea_level, GDP_in_billions, continentID) values (77, 'Greece', 674, 445, 97, '$7.87', '1');
insert into countries (countryid, country, population_in_millions, air_quality, sea_level, GDP_in_billions, continentID) values (78, 'China', 388, 450, 78, '$20.67', '2');
insert into countries (countryid, country, population_in_millions, air_quality, sea_level, GDP_in_billions, continentID) values (79, 'Czech Republic', 486, 172, 77, '$40.48', '3');
insert into countries (countryid, country, population_in_millions, air_quality, sea_level, GDP_in_billions, continentID) values (80, 'Indonesia', 250, 355, 13, '$29.25', '7');
insert into countries (countryid, country, population_in_millions, air_quality, sea_level, GDP_in_billions, continentID) values (81, 'Indonesia', 104, 244, 30, '$10.37', '5');
insert into countries (countryid, country, population_in_millions, air_quality, sea_level, GDP_in_billions, continentID) values (82, 'Sweden', 158, 39, 44, '$33.57', '4');
insert into countries (countryid, country, population_in_millions, air_quality, sea_level, GDP_in_billions, continentID) values (83, 'Latvia', 555, 95, 95, '$23.48', '6');
insert into countries (countryid, country, population_in_millions, air_quality, sea_level, GDP_in_billions, continentID) values (84, 'Kenya', 168, 20, 17, '$3.14', '1');
insert into countries (countryid, country, population_in_millions, air_quality, sea_level, GDP_in_billions, continentID) values (85, 'Azerbaijan', 349, 446, 53, '$20.17', '7');
insert into countries (countryid, country, population_in_millions, air_quality, sea_level, GDP_in_billions, continentID) values (86, 'Greece', 979, 309, 76, '$8.54', '6');
insert into countries (countryid, country, population_in_millions, air_quality, sea_level, GDP_in_billions, continentID) values (87, 'Canada', 305, 312, 54, '$22.53', '2');
insert into countries (countryid, country, population_in_millions, air_quality, sea_level, GDP_in_billions, continentID) values (88, 'Indonesia', 206, 315, 31, '$26.81', '1');
insert into countries (countryid, country, population_in_millions, air_quality, sea_level, GDP_in_billions, continentID) values (89, 'Colombia', 889, 168, 16, '$15.80', '5');
insert into countries (countryid, country, population_in_millions, air_quality, sea_level, GDP_in_billions, continentID) values (90, 'Sri Lanka', 397, 298, 15, '$16.19', '3');
insert into countries (countryid, country, population_in_millions, air_quality, sea_level, GDP_in_billions, continentID) values (91, 'Indonesia', 805, 333, 12, '$35.21', '4');
insert into countries (countryid, country, population_in_millions, air_quality, sea_level, GDP_in_billions, continentID) values (92, 'China', 854, 285, 34, '$38.00', '6');
insert into countries (countryid, country, population_in_millions, air_quality, sea_level, GDP_in_billions, continentID) values (93, 'Brazil', 961, 100, 44, '$19.86', '3');
insert into countries (countryid, country, population_in_millions, air_quality, sea_level, GDP_in_billions, continentID) values (94, 'Pakistan', 308, 153, 47, '$25.15', '2');
insert into countries (countryid, country, population_in_millions, air_quality, sea_level, GDP_in_billions, continentID) values (95, 'Mexico', 477, 345, 22, '$37.71', '4');
insert into countries (countryid, country, population_in_millions, air_quality, sea_level, GDP_in_billions, continentID) values (96, 'Poland', 506, 278, 43, '$35.41', '5');
insert into countries (countryid, country, population_in_millions, air_quality, sea_level, GDP_in_billions, continentID) values (97, 'United States', 338, 90, 97, '$39.63', '1');
insert into countries (countryid, country, population_in_millions, air_quality, sea_level, GDP_in_billions, continentID) values (98, 'Sweden', 267, 467, 98, '$31.96', '7');
insert into countries (countryid, country, population_in_millions, air_quality, sea_level, GDP_in_billions, continentID) values (99, 'Indonesia', 592, 204, 33, '$4.66', '3');
insert into countries (countryid, country, population_in_millions, air_quality, sea_level, GDP_in_billions, continentID) values (100, 'Brazil', 836, 392, 52, '$13.11', '2');
insert into countries (countryid, country, population_in_millions, air_quality, sea_level, GDP_in_billions, continentID) values (101, 'Indonesia', 688, 162, 60, '$46.45', '1');
insert into countries (countryid, country, population_in_millions, air_quality, sea_level, GDP_in_billions, continentID) values (102, 'China', 967, 30, 84, '$11.69', '7');
insert into countries (countryid, country, population_in_millions, air_quality, sea_level, GDP_in_billions, continentID) values (103, 'China', 859, 185, 28, '$19.86', '6');
insert into countries (countryid, country, population_in_millions, air_quality, sea_level, GDP_in_billions, continentID) values (104, 'Albania', 469, 480, 65, '$7.20', '5');
insert into countries (countryid, country, population_in_millions, air_quality, sea_level, GDP_in_billions, continentID) values (105, 'China', 842, 190, 39, '$28.06', '4');
insert into countries (countryid, country, population_in_millions, air_quality, sea_level, GDP_in_billions, continentID) values (106, 'China', 191, 166, 99, '$9.81', '4');
insert into countries (countryid, country, population_in_millions, air_quality, sea_level, GDP_in_billions, continentID) values (107, 'Indonesia', 913, 255, 60, '$35.51', '5');
insert into countries (countryid, country, population_in_millions, air_quality, sea_level, GDP_in_billions, continentID) values (108, 'France', 817, 461, 99, '$45.83', '2');
insert into countries (countryid, country, population_in_millions, air_quality, sea_level, GDP_in_billions, continentID) values (109, 'Indonesia', 826, 3, 67, '$47.96', '1');
insert into countries (countryid, country, population_in_millions, air_quality, sea_level, GDP_in_billions, continentID) values (110, 'Russia', 839, 214, 40, '$19.92', '6');
insert into countries (countryid, country, population_in_millions, air_quality, sea_level, GDP_in_billions, continentID) values (111, 'China', 682, 295, 53, '$1.87', '7');
insert into countries (countryid, country, population_in_millions, air_quality, sea_level, GDP_in_billions, continentID) values (112, 'Indonesia', 680, 59, 31, '$28.93', '3');
insert into countries (countryid, country, population_in_millions, air_quality, sea_level, GDP_in_billions, continentID) values (113, 'Honduras', 106, 291, 17, '$20.33', '7');
insert into countries (countryid, country, population_in_millions, air_quality, sea_level, GDP_in_billions, continentID) values (114, 'China', 352, 181, 55, '$17.81', '5');
insert into countries (countryid, country, population_in_millions, air_quality, sea_level, GDP_in_billions, continentID) values (115, 'Poland', 550, 481, 19, '$23.65', '4');
insert into countries (countryid, country, population_in_millions, air_quality, sea_level, GDP_in_billions, continentID) values (116, 'Zambia', 865, 311, 11, '$39.76', '6');
insert into countries (countryid, country, population_in_millions, air_quality, sea_level, GDP_in_billions, continentID) values (117, 'Russia', 823, 162, 74, '$11.82', '1');
insert into countries (countryid, country, population_in_millions, air_quality, sea_level, GDP_in_billions, continentID) values (118, 'China', 694, 260, 28, '$20.92', '2');
insert into countries (countryid, country, population_in_millions, air_quality, sea_level, GDP_in_billions, continentID) values (119, 'Nigeria', 477, 411, 16, '$5.03', '3');
insert into countries (countryid, country, population_in_millions, air_quality, sea_level, GDP_in_billions, continentID) values (120, 'United States', 928, 401, 17, '$15.51', '7');
insert into countries (countryid, country, population_in_millions, air_quality, sea_level, GDP_in_billions, continentID) values (121, 'Morocco', 364, 479, 27, '$36.32', '3');
insert into countries (countryid, country, population_in_millions, air_quality, sea_level, GDP_in_billions, continentID) values (122, 'Portugal', 229, 69, 48, '$2.54', '5');
insert into countries (countryid, country, population_in_millions, air_quality, sea_level, GDP_in_billions, continentID) values (123, 'France', 292, 425, 26, '$26.16', '1');
insert into countries (countryid, country, population_in_millions, air_quality, sea_level, GDP_in_billions, continentID) values (124, 'Indonesia', 524, 117, 44, '$27.19', '6');
insert into countries (countryid, country, population_in_millions, air_quality, sea_level, GDP_in_billions, continentID) values (125, 'China', 991, 94, 42, '$5.07', '2');
insert into countries (countryid, country, population_in_millions, air_quality, sea_level, GDP_in_billions, continentID) values (126, 'France', 280, 23, 22, '$9.56', '4');
insert into countries (countryid, country, population_in_millions, air_quality, sea_level, GDP_in_billions, continentID) values (127, 'Kenya', 988, 277, 40, '$16.74', '3');
insert into countries (countryid, country, population_in_millions, air_quality, sea_level, GDP_in_billions, continentID) values (128, 'China', 936, 107, 86, '$1.48', '7');
insert into countries (countryid, country, population_in_millions, air_quality, sea_level, GDP_in_billions, continentID) values (129, 'Indonesia', 808, 495, 62, '$23.46', '2');
insert into countries (countryid, country, population_in_millions, air_quality, sea_level, GDP_in_billions, continentID) values (130, 'United States', 333, 386, 26, '$35.82', '5');
insert into countries (countryid, country, population_in_millions, air_quality, sea_level, GDP_in_billions, continentID) values (131, 'China', 688, 41, 96, '$11.13', '4');
insert into countries (countryid, country, population_in_millions, air_quality, sea_level, GDP_in_billions, continentID) values (132, 'Brazil', 862, 479, 39, '$8.18', '1');
insert into countries (countryid, country, population_in_millions, air_quality, sea_level, GDP_in_billions, continentID) values (133, 'Russia', 253, 80, 90, '$42.87', '6');
insert into countries (countryid, country, population_in_millions, air_quality, sea_level, GDP_in_billions, continentID) values (134, 'Philippines', 913, 382, 36, '$38.89', '6');
insert into countries (countryid, country, population_in_millions, air_quality, sea_level, GDP_in_billions, continentID) values (135, 'France', 122, 279, 35, '$15.25', '1');
insert into countries (countryid, country, population_in_millions, air_quality, sea_level, GDP_in_billions, continentID) values (136, 'Japan', 663, 384, 94, '$3.83', '2');
insert into countries (countryid, country, population_in_millions, air_quality, sea_level, GDP_in_billions, continentID) values (137, 'Poland', 351, 73, 39, '$48.66', '3');
insert into countries (countryid, country, population_in_millions, air_quality, sea_level, GDP_in_billions, continentID) values (138, 'Switzerland', 948, 111, 16, '$23.76', '4');
insert into countries (countryid, country, population_in_millions, air_quality, sea_level, GDP_in_billions, continentID) values (139, 'United Kingdom', 710, 386, 79, '$44.76', '7');
insert into countries (countryid, country, population_in_millions, air_quality, sea_level, GDP_in_billions, continentID) values (140, 'Portugal', 464, 47, 31, '$6.47', '5');
insert into countries (countryid, country, population_in_millions, air_quality, sea_level, GDP_in_billions, continentID) values (141, 'Gabon', 323, 126, 33, '$3.13', '4');
insert into countries (countryid, country, population_in_millions, air_quality, sea_level, GDP_in_billions, continentID) values (142, 'Netherlands', 687, 148, 26, '$21.12', '7');
insert into countries (countryid, country, population_in_millions, air_quality, sea_level, GDP_in_billions, continentID) values (143, 'Russia', 210, 232, 29, '$20.53', '5');
insert into countries (countryid, country, population_in_millions, air_quality, sea_level, GDP_in_billions, continentID) values (144, 'Argentina', 682, 362, 63, '$23.08', '2');
insert into countries (countryid, country, population_in_millions, air_quality, sea_level, GDP_in_billions, continentID) values (145, 'China', 188, 100, 49, '$31.09', '6');
insert into countries (countryid, country, population_in_millions, air_quality, sea_level, GDP_in_billions, continentID) values (146, 'Malaysia', 445, 218, 73, '$12.40', '1');
insert into countries (countryid, country, population_in_millions, air_quality, sea_level, GDP_in_billions, continentID) values (147, 'Estonia', 359, 223, 31, '$11.02', '3');
insert into countries (countryid, country, population_in_millions, air_quality, sea_level, GDP_in_billions, continentID) values (148, 'Sweden', 253, 490, 16, '$15.66', '1');
insert into countries (countryid, country, population_in_millions, air_quality, sea_level, GDP_in_billions, continentID) values (149, 'Philippines', 584, 19, 42, '$7.95', '5');
insert into countries (countryid, country, population_in_millions, air_quality, sea_level, GDP_in_billions, continentID) values (150, 'China', 261, 224, 21, '$26.47', '2');
insert into countries (countryid, country, population_in_millions, air_quality, sea_level, GDP_in_billions, continentID) values (151, 'Poland', 320, 131, 16, '$7.93', '7');
insert into countries (countryid, country, population_in_millions, air_quality, sea_level, GDP_in_billions, continentID) values (152, 'Indonesia', 852, 302, 20, '$25.85', '6');
insert into countries (countryid, country, population_in_millions, air_quality, sea_level, GDP_in_billions, continentID) values (153, 'Russia', 406, 244, 30, '$5.01', '3');
insert into countries (countryid, country, population_in_millions, air_quality, sea_level, GDP_in_billions, continentID) values (154, 'Japan', 931, 170, 15, '$49.43', '4');
insert into countries (countryid, country, population_in_millions, air_quality, sea_level, GDP_in_billions, continentID) values (155, 'China', 657, 15, 10, '$21.09', '3');
insert into countries (countryid, country, population_in_millions, air_quality, sea_level, GDP_in_billions, continentID) values (156, 'China', 472, 245, 71, '$33.71', '6');
insert into countries (countryid, country, population_in_millions, air_quality, sea_level, GDP_in_billions, continentID) values (157, 'Indonesia', 659, 41, 89, '$13.11', '7');
insert into countries (countryid, country, population_in_millions, air_quality, sea_level, GDP_in_billions, continentID) values (158, 'Indonesia', 700, 326, 50, '$36.04', '2');
insert into countries (countryid, country, population_in_millions, air_quality, sea_level, GDP_in_billions, continentID) values (159, 'China', 213, 457, 16, '$27.37', '4');
insert into countries (countryid, country, population_in_millions, air_quality, sea_level, GDP_in_billions, continentID) values (160, 'Croatia', 366, 134, 61, '$19.63', '5');
insert into countries (countryid, country, population_in_millions, air_quality, sea_level, GDP_in_billions, continentID) values (161, 'Philippines', 790, 99, 18, '$49.42', '1');
insert into countries (countryid, country, population_in_millions, air_quality, sea_level, GDP_in_billions, continentID) values (162, 'Czech Republic', 471, 481, 79, '$27.50', '1');
insert into countries (countryid, country, population_in_millions, air_quality, sea_level, GDP_in_billions, continentID) values (163, 'South Africa', 957, 367, 20, '$41.36', '4');
insert into countries (countryid, country, population_in_millions, air_quality, sea_level, GDP_in_billions, continentID) values (164, 'Portugal', 764, 388, 10, '$5.98', '2');
insert into countries (countryid, country, population_in_millions, air_quality, sea_level, GDP_in_billions, continentID) values (165, 'United States', 981, 432, 72, '$25.67', '3');
insert into countries (countryid, country, population_in_millions, air_quality, sea_level, GDP_in_billions, continentID) values (166, 'China', 861, 174, 88, '$3.23', '6');
insert into countries (countryid, country, population_in_millions, air_quality, sea_level, GDP_in_billions, continentID) values (167, 'United States', 764, 90, 97, '$3.30', '5');
insert into countries (countryid, country, population_in_millions, air_quality, sea_level, GDP_in_billions, continentID) values (168, 'France', 369, 63, 85, '$48.91', '7');
insert into countries (countryid, country, population_in_millions, air_quality, sea_level, GDP_in_billions, continentID) values (169, 'Russia', 969, 86, 34, '$47.73', '6');
insert into countries (countryid, country, population_in_millions, air_quality, sea_level, GDP_in_billions, continentID) values (170, 'Lebanon', 550, 311, 87, '$4.73', '5');
insert into countries (countryid, country, population_in_millions, air_quality, sea_level, GDP_in_billions, continentID) values (171, 'Japan', 587, 409, 94, '$2.26', '2');
insert into countries (countryid, country, population_in_millions, air_quality, sea_level, GDP_in_billions, continentID) values (172, 'Portugal', 633, 292, 61, '$9.24', '3');
insert into countries (countryid, country, population_in_millions, air_quality, sea_level, GDP_in_billions, continentID) values (173, 'Honduras', 992, 230, 30, '$22.08', '1');
insert into countries (countryid, country, population_in_millions, air_quality, sea_level, GDP_in_billions, continentID) values (174, 'Portugal', 378, 302, 54, '$33.81', '7');
insert into countries (countryid, country, population_in_millions, air_quality, sea_level, GDP_in_billions, continentID) values (175, 'Portugal', 945, 404, 32, '$22.24', '4');
insert into countries (countryid, country, population_in_millions, air_quality, sea_level, GDP_in_billions, continentID) values (176, 'Afghanistan', 350, 410, 91, '$22.24', '3');
insert into countries (countryid, country, population_in_millions, air_quality, sea_level, GDP_in_billions, continentID) values (177, 'Israel', 496, 304, 34, '$15.01', '1');
insert into countries (countryid, country, population_in_millions, air_quality, sea_level, GDP_in_billions, continentID) values (178, 'China', 666, 139, 66, '$40.51', '5');
insert into countries (countryid, country, population_in_millions, air_quality, sea_level, GDP_in_billions, continentID) values (179, 'Greece', 590, 363, 74, '$2.55', '4');
insert into countries (countryid, country, population_in_millions, air_quality, sea_level, GDP_in_billions, continentID) values (180, 'Philippines', 826, 72, 52, '$33.88', '7');
insert into countries (countryid, country, population_in_millions, air_quality, sea_level, GDP_in_billions, continentID) values (181, 'Indonesia', 883, 370, 86, '$31.10', '2');
insert into countries (countryid, country, population_in_millions, air_quality, sea_level, GDP_in_billions, continentID) values (182, 'China', 620, 251, 22, '$2.36', '6');
insert into countries (countryid, country, population_in_millions, air_quality, sea_level, GDP_in_billions, continentID) values (183, 'China', 455, 278, 45, '$43.07', '7');
insert into countries (countryid, country, population_in_millions, air_quality, sea_level, GDP_in_billions, continentID) values (184, 'Egypt', 802, 380, 85, '$39.46', '4');
insert into countries (countryid, country, population_in_millions, air_quality, sea_level, GDP_in_billions, continentID) values (185, 'Russia', 715, 310, 63, '$34.19', '2');
insert into countries (countryid, country, population_in_millions, air_quality, sea_level, GDP_in_billions, continentID) values (186, 'Indonesia', 886, 130, 44, '$4.13', '3');
insert into countries (countryid, country, population_in_millions, air_quality, sea_level, GDP_in_billions, continentID) values (187, 'China', 459, 359, 95, '$29.24', '5');
insert into countries (countryid, country, population_in_millions, air_quality, sea_level, GDP_in_billions, continentID) values (188, 'Portugal', 558, 39, 54, '$29.40', '1');
insert into countries (countryid, country, population_in_millions, air_quality, sea_level, GDP_in_billions, continentID) values (189, 'Russia', 479, 368, 78, '$35.67', '6');
insert into countries (countryid, country, population_in_millions, air_quality, sea_level, GDP_in_billions, continentID) values (190, 'Philippines', 905, 222, 100, '$3.33', '4');
insert into countries (countryid, country, population_in_millions, air_quality, sea_level, GDP_in_billions, continentID) values (191, 'Argentina', 826, 295, 83, '$30.58', '6');
insert into countries (countryid, country, population_in_millions, air_quality, sea_level, GDP_in_billions, continentID) values (192, 'China', 284, 317, 24, '$37.80', '5');
insert into countries (countryid, country, population_in_millions, air_quality, sea_level, GDP_in_billions, continentID) values (193, 'China', 740, 339, 70, '$17.45', '2');
insert into countries (countryid, country, population_in_millions, air_quality, sea_level, GDP_in_billions, continentID) values (194, 'Madagascar', 776, 133, 57, '$19.32', '7');
insert into countries (countryid, country, population_in_millions, air_quality, sea_level, GDP_in_billions, continentID) values (195, 'Croatia', 432, 102, 71, '$5.87', '1');


insert into climate_change_trends (temperature, trend_year, air_quality, sea_level) values (10.0, 1, 271, 92);
insert into climate_change_trends (temperature, trend_year, air_quality, sea_level) values (31.1, 2, 443, 84);
insert into climate_change_trends (temperature, trend_year, air_quality, sea_level) values (0.2, 3, 10, 56);
insert into climate_change_trends (temperature, trend_year, air_quality, sea_level) values (31.3, 4, 462, 31);
insert into climate_change_trends (temperature, trend_year, air_quality, sea_level) values (24.1, 5, 252, 29);
insert into climate_change_trends (temperature, trend_year, air_quality, sea_level) values (24.8, 6, 117, 69);
insert into climate_change_trends (temperature, trend_year, air_quality, sea_level) values (21.5, 7, 139, 99);
insert into climate_change_trends (temperature, trend_year, air_quality, sea_level) values (28.2, 8, 465, 80);
insert into climate_change_trends (temperature, trend_year, air_quality, sea_level) values (3.8, 9, 296, 70);
insert into climate_change_trends (temperature, trend_year, air_quality, sea_level) values (15.0, 10, 396, 93);
insert into climate_change_trends (temperature, trend_year, air_quality, sea_level) values (2.6, 11, 223, 12);
insert into climate_change_trends (temperature, trend_year, air_quality, sea_level) values (14.5, 12, 90, 72);
insert into climate_change_trends (temperature, trend_year, air_quality, sea_level) values (8.7, 13, 333, 39);
insert into climate_change_trends (temperature, trend_year, air_quality, sea_level) values (14.5, 14, 441, 75);
insert into climate_change_trends (temperature, trend_year, air_quality, sea_level) values (4.9, 15, 92, 87);
insert into climate_change_trends (temperature, trend_year, air_quality, sea_level) values (13.9, 16, 86, 63);
insert into climate_change_trends (temperature, trend_year, air_quality, sea_level) values (14.3, 17, 323, 57);
insert into climate_change_trends (temperature, trend_year, air_quality, sea_level) values (24.3, 18, 55, 40);
insert into climate_change_trends (temperature, trend_year, air_quality, sea_level) values (28.4, 19, 79, 77);
insert into climate_change_trends (temperature, trend_year, air_quality, sea_level) values (25.9, 20, 131, 82);
insert into climate_change_trends (temperature, trend_year, air_quality, sea_level) values (25.9, 21, 481, 56);
insert into climate_change_trends (temperature, trend_year, air_quality, sea_level) values (15.5, 22, 50, 83);
insert into climate_change_trends (temperature, trend_year, air_quality, sea_level) values (27.2, 23, 257, 67);
insert into climate_change_trends (temperature, trend_year, air_quality, sea_level) values (29.2, 24, 136, 73);
insert into climate_change_trends (temperature, trend_year, air_quality, sea_level) values (7.8, 25, 81, 84);
insert into climate_change_trends (temperature, trend_year, air_quality, sea_level) values (30.5, 26, 365, 18);
insert into climate_change_trends (temperature, trend_year, air_quality, sea_level) values (12.7, 27, 6, 23);
insert into climate_change_trends (temperature, trend_year, air_quality, sea_level) values (23.7, 28, 351, 76);
insert into climate_change_trends (temperature, trend_year, air_quality, sea_level) values (26.6, 29, 304, 45);
insert into climate_change_trends (temperature, trend_year, air_quality, sea_level) values (16.4, 30, 213, 49);
insert into climate_change_trends (temperature, trend_year, air_quality, sea_level) values (6.9, 31, 165, 85);
insert into climate_change_trends (temperature, trend_year, air_quality, sea_level) values (7.4, 32, 207, 25);
insert into climate_change_trends (temperature, trend_year, air_quality, sea_level) values (31.2, 33, 113, 47);
insert into climate_change_trends (temperature, trend_year, air_quality, sea_level) values (10.7, 34, 433, 33);
insert into climate_change_trends (temperature, trend_year, air_quality, sea_level) values (8.9, 35, 59, 77);
insert into climate_change_trends (temperature, trend_year, air_quality, sea_level) values (31.7, 36, 493, 96);
insert into climate_change_trends (temperature, trend_year, air_quality, sea_level) values (4.1, 37, 78, 29);
insert into climate_change_trends (temperature, trend_year, air_quality, sea_level) values (21.3, 38, 62, 94);
insert into climate_change_trends (temperature, trend_year, air_quality, sea_level) values (6.1, 39, 437, 27);
insert into climate_change_trends (temperature, trend_year, air_quality, sea_level) values (2.9, 40, 484, 99);
insert into climate_change_trends (temperature, trend_year, air_quality, sea_level) values (9.4, 41, 376, 56);
insert into climate_change_trends (temperature, trend_year, air_quality, sea_level) values (3.2, 42, 403, 19);
insert into climate_change_trends (temperature, trend_year, air_quality, sea_level) values (27.6, 43, 51, 63);
insert into climate_change_trends (temperature, trend_year, air_quality, sea_level) values (9.5, 44, 394, 67);
insert into climate_change_trends (temperature, trend_year, air_quality, sea_level) values (6.6, 45, 338, 86);
insert into climate_change_trends (temperature, trend_year, air_quality, sea_level) values (4.6, 46, 433, 68);
insert into climate_change_trends (temperature, trend_year, air_quality, sea_level) values (0.5, 47, 201, 69);
insert into climate_change_trends (temperature, trend_year, air_quality, sea_level) values (31.1, 48, 329, 87);
insert into climate_change_trends (temperature, trend_year, air_quality, sea_level) values (28.0, 49, 201, 27);
insert into climate_change_trends (temperature, trend_year, air_quality, sea_level) values (12.5, 50, 242, 15);
insert into climate_change_trends (temperature, trend_year, air_quality, sea_level) values (23.6, 51, 247, 70);
insert into climate_change_trends (temperature, trend_year, air_quality, sea_level) values (28.1, 52, 245, 79);
insert into climate_change_trends (temperature, trend_year, air_quality, sea_level) values (14.1, 53, 292, 97);
insert into climate_change_trends (temperature, trend_year, air_quality, sea_level) values (26.0, 54, 215, 31);
insert into climate_change_trends (temperature, trend_year, air_quality, sea_level) values (5.6, 55, 452, 24);
insert into climate_change_trends (temperature, trend_year, air_quality, sea_level) values (9.2, 56, 248, 36);
insert into climate_change_trends (temperature, trend_year, air_quality, sea_level) values (30.0, 57, 363, 94);
insert into climate_change_trends (temperature, trend_year, air_quality, sea_level) values (4.3, 58, 179, 79);
insert into climate_change_trends (temperature, trend_year, air_quality, sea_level) values (25.8, 59, 182, 37);
insert into climate_change_trends (temperature, trend_year, air_quality, sea_level) values (19.6, 60, 121, 41);
insert into climate_change_trends (temperature, trend_year, air_quality, sea_level) values (9.4, 61, 240, 17);
insert into climate_change_trends (temperature, trend_year, air_quality, sea_level) values (2.0, 62, 429, 48);
insert into climate_change_trends (temperature, trend_year, air_quality, sea_level) values (24.1, 63, 148, 55);
insert into climate_change_trends (temperature, trend_year, air_quality, sea_level) values (29.6, 64, 288, 65);
insert into climate_change_trends (temperature, trend_year, air_quality, sea_level) values (25.4, 65, 214, 28);
insert into climate_change_trends (temperature, trend_year, air_quality, sea_level) values (7.0, 66, 419, 24);
insert into climate_change_trends (temperature, trend_year, air_quality, sea_level) values (22.0, 67, 234, 91);
insert into climate_change_trends (temperature, trend_year, air_quality, sea_level) values (16.5, 68, 46, 43);
insert into climate_change_trends (temperature, trend_year, air_quality, sea_level) values (0.8, 69, 33, 45);
insert into climate_change_trends (temperature, trend_year, air_quality, sea_level) values (8.9, 70, 168, 55);
insert into climate_change_trends (temperature, trend_year, air_quality, sea_level) values (6.4, 71, 77, 10);
insert into climate_change_trends (temperature, trend_year, air_quality, sea_level) values (19.3, 72, 209, 64);
insert into climate_change_trends (temperature, trend_year, air_quality, sea_level) values (14.7, 73, 433, 53);
insert into climate_change_trends (temperature, trend_year, air_quality, sea_level) values (29.8, 74, 91, 32);
insert into climate_change_trends (temperature, trend_year, air_quality, sea_level) values (14.1, 75, 477, 71);
insert into climate_change_trends (temperature, trend_year, air_quality, sea_level) values (5.1, 76, 450, 28);
insert into climate_change_trends (temperature, trend_year, air_quality, sea_level) values (24.9, 77, 270, 75);
insert into climate_change_trends (temperature, trend_year, air_quality, sea_level) values (22.1, 78, 361, 33);
insert into climate_change_trends (temperature, trend_year, air_quality, sea_level) values (18.5, 79, 445, 19);
insert into climate_change_trends (temperature, trend_year, air_quality, sea_level) values (4.1, 80, 466, 16);


insert into cities (cityid, city, population_in_millions, sea_level, GDP_in_billions, countryID, trend_year) values (1, 'Xiexiong', 57, 170.4, 5.89, '29', '63');
insert into cities (cityid, city, population_in_millions, sea_level, GDP_in_billions, countryID, trend_year) values (2, 'Šmarje pri Jelšah', 35, 590.5, 885.15, '32', '37');
insert into cities (cityid, city, population_in_millions, sea_level, GDP_in_billions, countryID, trend_year) values (3, 'Itapemirim', 57, 336.3, 456.05, '51', '12');
insert into cities (cityid, city, population_in_millions, sea_level, GDP_in_billions, countryID, trend_year) values (4, 'Fengyan', 76, 288.2, 759.45, '44', '42');
insert into cities (cityid, city, population_in_millions, sea_level, GDP_in_billions, countryID, trend_year) values (5, 'Miryang', 289, 917.1, 276.27, '57', '57');
insert into cities (cityid, city, population_in_millions, sea_level, GDP_in_billions, countryID, trend_year) values (6, 'San Jose', 190, 116.5, 777.53, '70', '72');
insert into cities (cityid, city, population_in_millions, sea_level, GDP_in_billions, countryID, trend_year) values (7, 'Heemstede', 22, 928.0, 323.67, '38', '79');
insert into cities (cityid, city, population_in_millions, sea_level, GDP_in_billions, countryID, trend_year) values (8, 'Tiarei', 259, 155.0, 498.98, '17', '51');
insert into cities (cityid, city, population_in_millions, sea_level, GDP_in_billions, countryID, trend_year) values (9, 'Heiheba', 240, 75.3, 571.44, '53', '35');
insert into cities (cityid, city, population_in_millions, sea_level, GDP_in_billions, countryID, trend_year) values (10, 'Karanggintung', 258, 501.4, 27.28, '20', '50');
insert into cities (cityid, city, population_in_millions, sea_level, GDP_in_billions, countryID, trend_year) values (11, 'Tabant', 29, 611.4, 20.26, '5', '28');
insert into cities (cityid, city, population_in_millions, sea_level, GDP_in_billions, countryID, trend_year) values (12, 'San Andres', 278, 194.8, 31.36, '58', '44');
insert into cities (cityid, city, population_in_millions, sea_level, GDP_in_billions, countryID, trend_year) values (13, 'Inderka', 260, 878.5, 516.29, '56', '30');
insert into cities (cityid, city, population_in_millions, sea_level, GDP_in_billions, countryID, trend_year) values (14, 'Jovellar', 62, 788.3, 547.36, '64', '64');
insert into cities (cityid, city, population_in_millions, sea_level, GDP_in_billions, countryID, trend_year) values (15, 'Bendo', 35, 917.0, 463.65, '25', '4');
insert into cities (cityid, city, population_in_millions, sea_level, GDP_in_billions, countryID, trend_year) values (16, 'Beichengqu', 144, 471.2, 441.76, '61', '70');
insert into cities (cityid, city, population_in_millions, sea_level, GDP_in_billions, countryID, trend_year) values (17, 'Lope de Vega', 241, 498.2, 122.96, '13', '2');
insert into cities (cityid, city, population_in_millions, sea_level, GDP_in_billions, countryID, trend_year) values (18, 'Matozinhos', 237, 233.0, 270.14, '79', '65');
insert into cities (cityid, city, population_in_millions, sea_level, GDP_in_billions, countryID, trend_year) values (19, 'Songdong', 95, 978.4, 419.33, '26', '15');
insert into cities (cityid, city, population_in_millions, sea_level, GDP_in_billions, countryID, trend_year) values (20, 'Chợ Mới', 189, 320.1, 665.14, '76', '74');
insert into cities (cityid, city, population_in_millions, sea_level, GDP_in_billions, countryID, trend_year) values (21, 'Ono', 17, 904.5, 948.92, '43', '77');
insert into cities (cityid, city, population_in_millions, sea_level, GDP_in_billions, countryID, trend_year) values (22, 'La Soledad', 184, 197.4, 652.17, '4', '3');
insert into cities (cityid, city, population_in_millions, sea_level, GDP_in_billions, countryID, trend_year) values (23, 'Amiens', 56, 759.0, 651.21, '8', '52');
insert into cities (cityid, city, population_in_millions, sea_level, GDP_in_billions, countryID, trend_year) values (24, 'Ambatondrazaka', 275, 641.4, 383.8, '50', '61');
insert into cities (cityid, city, population_in_millions, sea_level, GDP_in_billions, countryID, trend_year) values (25, 'Jetak', 291, 797.8, 970.15, '33', '55');
insert into cities (cityid, city, population_in_millions, sea_level, GDP_in_billions, countryID, trend_year) values (26, 'Pomacanchi', 184, 492.4, 880.63, '42', '1');
insert into cities (cityid, city, population_in_millions, sea_level, GDP_in_billions, countryID, trend_year) values (27, 'Cijangkar', 23, 663.4, 726.87, '6', '78');
insert into cities (cityid, city, population_in_millions, sea_level, GDP_in_billions, countryID, trend_year) values (28, 'Göteborg', 41, 546.8, 675.31, '60', '60');
insert into cities (cityid, city, population_in_millions, sea_level, GDP_in_billions, countryID, trend_year) values (29, 'Roxas', 17, 928.6, 613.96, '65', '27');
insert into cities (cityid, city, population_in_millions, sea_level, GDP_in_billions, countryID, trend_year) values (30, 'Aconibe', 49, 227.6, 472.55, '39', '25');
insert into cities (cityid, city, population_in_millions, sea_level, GDP_in_billions, countryID, trend_year) values (31, 'Netanya', 83, 279.8, 465.29, '69', '5');
insert into cities (cityid, city, population_in_millions, sea_level, GDP_in_billions, countryID, trend_year) values (32, 'Karangwungu Lor', 38, 703.5, 225.36, '67', '38');
insert into cities (cityid, city, population_in_millions, sea_level, GDP_in_billions, countryID, trend_year) values (33, 'Fengtai Chengguanzhen', 221, 210.2, 760.91, '30', '43');
insert into cities (cityid, city, population_in_millions, sea_level, GDP_in_billions, countryID, trend_year) values (34, 'München', 47, 258.1, 597.45, '54', '20');
insert into cities (cityid, city, population_in_millions, sea_level, GDP_in_billions, countryID, trend_year) values (35, 'Yushugou', 18, 483.0, 533.56, '52', '19');
insert into cities (cityid, city, population_in_millions, sea_level, GDP_in_billions, countryID, trend_year) values (36, 'Cabaret', 207, 237.1, 862.41, '63', '11');
insert into cities (cityid, city, population_in_millions, sea_level, GDP_in_billions, countryID, trend_year) values (37, 'Hengshan', 11, 359.9, 947.59, '48', '59');
insert into cities (cityid, city, population_in_millions, sea_level, GDP_in_billions, countryID, trend_year) values (38, 'Witzenhausen', 24, 178.5, 159.18, '19', '21');
insert into cities (cityid, city, population_in_millions, sea_level, GDP_in_billions, countryID, trend_year) values (39, 'Mpanda', 183, 301.3, 706.34, '55', '41');
insert into cities (cityid, city, population_in_millions, sea_level, GDP_in_billions, countryID, trend_year) values (40, 'Giado', 12, 705.8, 181.67, '47', '75');
insert into cities (cityid, city, population_in_millions, sea_level, GDP_in_billions, countryID, trend_year) values (41, 'Razumnoye', 16, 746.1, 644.47, '23', '24');
insert into cities (cityid, city, population_in_millions, sea_level, GDP_in_billions, countryID, trend_year) values (42, 'Aguas del Padre', 18, 240.1, 604.38, '10', '53');
insert into cities (cityid, city, population_in_millions, sea_level, GDP_in_billions, countryID, trend_year) values (43, 'Bol’shoy Karay', 118, 407.7, 98.11, '16', '22');
insert into cities (cityid, city, population_in_millions, sea_level, GDP_in_billions, countryID, trend_year) values (44, 'Toledo', 57, 757.8, 235.05, '74', '58');
insert into cities (cityid, city, population_in_millions, sea_level, GDP_in_billions, countryID, trend_year) values (45, 'Huimin', 55, 533.3, 205.77, '77', '26');
insert into cities (cityid, city, population_in_millions, sea_level, GDP_in_billions, countryID, trend_year) values (46, 'Lope de Vega', 111, 243.6, 260.64, '41', '66');
insert into cities (cityid, city, population_in_millions, sea_level, GDP_in_billions, countryID, trend_year) values (47, 'Al Badārī', 276, 858.0, 643.76, '2', '47');
insert into cities (cityid, city, population_in_millions, sea_level, GDP_in_billions, countryID, trend_year) values (48, 'Dębica', 128, 803.7, 502.57, '36', '8');
insert into cities (cityid, city, population_in_millions, sea_level, GDP_in_billions, countryID, trend_year) values (49, 'Lang', 40, 810.9, 144.8, '11', '29');
insert into cities (cityid, city, population_in_millions, sea_level, GDP_in_billions, countryID, trend_year) values (50, 'Yucheng', 14, 378.2, 939.99, '49', '18');
insert into cities (cityid, city, population_in_millions, sea_level, GDP_in_billions, countryID, trend_year) values (51, 'Chambly', 196, 831.2, 863.78, '37', '62');
insert into cities (cityid, city, population_in_millions, sea_level, GDP_in_billions, countryID, trend_year) values (52, 'Taboc', 106, 476.5, 634.89, '27', '9');
insert into cities (cityid, city, population_in_millions, sea_level, GDP_in_billions, countryID, trend_year) values (53, 'Boguchar', 213, 168.6, 593.75, '3', '33');
insert into cities (cityid, city, population_in_millions, sea_level, GDP_in_billions, countryID, trend_year) values (54, 'Maciejowice', 198, 57.7, 933.96, '34', '7');
insert into cities (cityid, city, population_in_millions, sea_level, GDP_in_billions, countryID, trend_year) values (55, 'Sandouping', 53, 173.0, 993.35, '9', '36');
insert into cities (cityid, city, population_in_millions, sea_level, GDP_in_billions, countryID, trend_year) values (56, 'San Jerónimo', 161, 279.1, 11.34, '21', '39');
insert into cities (cityid, city, population_in_millions, sea_level, GDP_in_billions, countryID, trend_year) values (57, 'Sergiyev Posad', 277, 720.0, 486.76, '28', '34');
insert into cities (cityid, city, population_in_millions, sea_level, GDP_in_billions, countryID, trend_year) values (58, 'Witkowo', 245, 159.2, 623.1, '12', '13');
insert into cities (cityid, city, population_in_millions, sea_level, GDP_in_billions, countryID, trend_year) values (59, 'Mesa', 183, 841.6, 647.87, '35', '71');
insert into cities (cityid, city, population_in_millions, sea_level, GDP_in_billions, countryID, trend_year) values (60, 'Vesoul', 213, 686.1, 660.34, '31', '80');
insert into cities (cityid, city, population_in_millions, sea_level, GDP_in_billions, countryID, trend_year) values (61, 'Danzao', 294, 293.8, 428.01, '71', '56');
insert into cities (cityid, city, population_in_millions, sea_level, GDP_in_billions, countryID, trend_year) values (62, 'Tsaghveri', 144, 554.3, 755.15, '45', '17');
insert into cities (cityid, city, population_in_millions, sea_level, GDP_in_billions, countryID, trend_year) values (63, 'Ocumare del Tuy', 205, 962.3, 53.76, '78', '73');
insert into cities (cityid, city, population_in_millions, sea_level, GDP_in_billions, countryID, trend_year) values (64, 'Staraya Toropa', 194, 215.7, 551.52, '22', '31');
insert into cities (cityid, city, population_in_millions, sea_level, GDP_in_billions, countryID, trend_year) values (65, 'Sukatani', 22, 720.0, 338.2, '46', '14');
insert into cities (cityid, city, population_in_millions, sea_level, GDP_in_billions, countryID, trend_year) values (66, 'Qiling', 66, 101.2, 249.67, '24', '10');
insert into cities (cityid, city, population_in_millions, sea_level, GDP_in_billions, countryID, trend_year) values (67, 'Bodeh', 268, 349.1, 758.28, '1', '40');
insert into cities (cityid, city, population_in_millions, sea_level, GDP_in_billions, countryID, trend_year) values (68, 'Valencia', 77, 912.1, 560.11, '75', '76');
insert into cities (cityid, city, population_in_millions, sea_level, GDP_in_billions, countryID, trend_year) values (69, 'Spas', 136, 166.7, 452.96, '72', '68');
insert into cities (cityid, city, population_in_millions, sea_level, GDP_in_billions, countryID, trend_year) values (70, 'Qiaotou', 38, 548.1, 540.97, '15', '49');
insert into cities (cityid, city, population_in_millions, sea_level, GDP_in_billions, countryID, trend_year) values (71, 'Toroy', 98, 607.0, 320.02, '80', '32');
insert into cities (cityid, city, population_in_millions, sea_level, GDP_in_billions, countryID, trend_year) values (72, 'Chrást', 66, 138.4, 50.06, '59', '6');
insert into cities (cityid, city, population_in_millions, sea_level, GDP_in_billions, countryID, trend_year) values (73, 'Jiajiaying', 184, 442.5, 223.27, '73', '23');
insert into cities (cityid, city, population_in_millions, sea_level, GDP_in_billions, countryID, trend_year) values (74, 'Tqibuli', 126, 126.5, 717.92, '40', '16');
insert into cities (cityid, city, population_in_millions, sea_level, GDP_in_billions, countryID, trend_year) values (75, 'Norzagaray', 300, 961.9, 978.68, '68', '48');
insert into cities (cityid, city, population_in_millions, sea_level, GDP_in_billions, countryID, trend_year) values (76, 'Velika', 230, 196.1, 894.47, '62', '54');
insert into cities (cityid, city, population_in_millions, sea_level, GDP_in_billions, countryID, trend_year) values (77, 'Zhigulevsk', 97, 996.5, 272.06, '14', '45');
insert into cities (cityid, city, population_in_millions, sea_level, GDP_in_billions, countryID, trend_year) values (78, 'Maru', 198, 753.2, 299.96, '18', '46');
insert into cities (cityid, city, population_in_millions, sea_level, GDP_in_billions, countryID, trend_year) values (79, 'La Libertad', 84, 411.2, 197.99, '66', '67');
insert into cities (cityid, city, population_in_millions, sea_level, GDP_in_billions, countryID, trend_year) values (80, 'Gurinai', 59, 881.1, 760.27, '7', '69');
insert into cities (cityid, city, population_in_millions, sea_level, GDP_in_billions, countryID, trend_year) values (81, 'Vuka', 274, 44.6, 305.31, '5', '33');
insert into cities (cityid, city, population_in_millions, sea_level, GDP_in_billions, countryID, trend_year) values (82, 'Xiling', 110, 354.8, 271.38, '66', '42');
insert into cities (cityid, city, population_in_millions, sea_level, GDP_in_billions, countryID, trend_year) values (83, 'Itigi', 51, 864.7, 405.28, '3', '29');
insert into cities (cityid, city, population_in_millions, sea_level, GDP_in_billions, countryID, trend_year) values (84, 'Daveluyville', 52, 585.3, 483.43, '77', '10');
insert into cities (cityid, city, population_in_millions, sea_level, GDP_in_billions, countryID, trend_year) values (85, 'Dahu', 227, 958.0, 203.01, '30', '2');
insert into cities (cityid, city, population_in_millions, sea_level, GDP_in_billions, countryID, trend_year) values (86, 'Guyangan', 177, 667.8, 110.73, '73', '53');
insert into cities (cityid, city, population_in_millions, sea_level, GDP_in_billions, countryID, trend_year) values (87, 'Tangxing', 63, 204.2, 362.18, '63', '51');
insert into cities (cityid, city, population_in_millions, sea_level, GDP_in_billions, countryID, trend_year) values (88, 'Zhangduangu', 129, 576.0, 593.72, '42', '11');
insert into cities (cityid, city, population_in_millions, sea_level, GDP_in_billions, countryID, trend_year) values (89, 'Guaitarilla', 22, 491.1, 793.41, '41', '4');
insert into cities (cityid, city, population_in_millions, sea_level, GDP_in_billions, countryID, trend_year) values (90, 'Al Jabīn', 58, 398.3, 919.14, '47', '6');
insert into cities (cityid, city, population_in_millions, sea_level, GDP_in_billions, countryID, trend_year) values (91, 'Sala', 247, 293.4, 228.2, '40', '44');
insert into cities (cityid, city, population_in_millions, sea_level, GDP_in_billions, countryID, trend_year) values (92, 'Estevan', 262, 814.9, 579.24, '38', '28');
insert into cities (cityid, city, population_in_millions, sea_level, GDP_in_billions, countryID, trend_year) values (93, 'Vanadjou', 241, 248.5, 210.87, '65', '32');
insert into cities (cityid, city, population_in_millions, sea_level, GDP_in_billions, countryID, trend_year) values (94, 'Belgrade', 115, 770.5, 339.43, '12', '19');
insert into cities (cityid, city, population_in_millions, sea_level, GDP_in_billions, countryID, trend_year) values (95, 'Karlstad', 288, 562.9, 19.38, '36', '3');
insert into cities (cityid, city, population_in_millions, sea_level, GDP_in_billions, countryID, trend_year) values (96, 'Ngô Đồng', 11, 248.2, 738.46, '52', '14');
insert into cities (cityid, city, population_in_millions, sea_level, GDP_in_billions, countryID, trend_year) values (97, 'Mompós', 105, 70.0, 464.77, '17', '78');
insert into cities (cityid, city, population_in_millions, sea_level, GDP_in_billions, countryID, trend_year) values (98, 'Jiangjiazui', 183, 376.1, 515.14, '13', '23');
insert into cities (cityid, city, population_in_millions, sea_level, GDP_in_billions, countryID, trend_year) values (99, 'Sedandang', 50, 943.9, 28.35, '7', '68');
insert into cities (cityid, city, population_in_millions, sea_level, GDP_in_billions, countryID, trend_year) values (100, 'Pszczew', 65, 221.1, 361.2, '20', '80');

insert into industry (industryid, industry, annual_emissions_in_millions, annual_revenue_in_millions, countryID) values (1, 'Oil Refining/Marketing', 70.34, '$68.08', '24');
insert into industry (industryid, industry, annual_emissions_in_millions, annual_revenue_in_millions, countryID) values (2, 'Major Pharmaceuticals', 19.28, '$53.70', '65');
insert into industry (industryid, industry, annual_emissions_in_millions, annual_revenue_in_millions, countryID) values (3, 'n/a', 27.78, '$51.78', '43');
insert into industry (industryid, industry, annual_emissions_in_millions, annual_revenue_in_millions, countryID) values (4, 'Transportation Services', 85.68, '$35.74', '28');
insert into industry (industryid, industry, annual_emissions_in_millions, annual_revenue_in_millions, countryID) values (5, 'Commercial Banks', 11.11, '$42.62', '31');
insert into industry (industryid, industry, annual_emissions_in_millions, annual_revenue_in_millions, countryID) values (6, 'Diversified Commercial Services', 81.44, '$16.22', '42');
insert into industry (industryid, industry, annual_emissions_in_millions, annual_revenue_in_millions, countryID) values (7, 'Electric Utilities: Central', 37.88, '$98.49', '30');
insert into industry (industryid, industry, annual_emissions_in_millions, annual_revenue_in_millions, countryID) values (8, 'n/a', 10.75, '$85.93', '46');
insert into industry (industryid, industry, annual_emissions_in_millions, annual_revenue_in_millions, countryID) values (9, 'Savings Institutions', 86.39, '$92.96', '15');
insert into industry (industryid, industry, annual_emissions_in_millions, annual_revenue_in_millions, countryID) values (10, 'n/a', 91.07, '$31.95', '6');
insert into industry (industryid, industry, annual_emissions_in_millions, annual_revenue_in_millions, countryID) values (11, 'Major Pharmaceuticals', 83.03, '$37.00', '33');
insert into industry (industryid, industry, annual_emissions_in_millions, annual_revenue_in_millions, countryID) values (12, 'Office Equipment/Supplies/Services', 59.21, '$8.15', '59');
insert into industry (industryid, industry, annual_emissions_in_millions, annual_revenue_in_millions, countryID) values (13, 'Savings Institutions', 77.75, '$83.89', '66');
insert into industry (industryid, industry, annual_emissions_in_millions, annual_revenue_in_millions, countryID) values (14, 'Major Banks', 20.9, '$88.95', '60');
insert into industry (industryid, industry, annual_emissions_in_millions, annual_revenue_in_millions, countryID) values (15, 'Industrial Machinery/Components', 54.36, '$11.08', '75');
insert into industry (industryid, industry, annual_emissions_in_millions, annual_revenue_in_millions, countryID) values (16, 'n/a', 51.83, '$22.09', '27');
insert into industry (industryid, industry, annual_emissions_in_millions, annual_revenue_in_millions, countryID) values (17, 'n/a', 5.28, '$28.23', '44');
insert into industry (industryid, industry, annual_emissions_in_millions, annual_revenue_in_millions, countryID) values (18, 'Packaged Foods', 94.91, '$11.73', '48');
insert into industry (industryid, industry, annual_emissions_in_millions, annual_revenue_in_millions, countryID) values (19, 'Business Services', 53.06, '$26.65', '64');
insert into industry (industryid, industry, annual_emissions_in_millions, annual_revenue_in_millions, countryID) values (20, 'Investment Bankers/Brokers/Service', 77.41, '$13.40', '77');
insert into industry (industryid, industry, annual_emissions_in_millions, annual_revenue_in_millions, countryID) values (21, 'n/a', 74.78, '$16.33', '29');
insert into industry (industryid, industry, annual_emissions_in_millions, annual_revenue_in_millions, countryID) values (22, 'Medical/Dental Instruments', 12.28, '$50.83', '22');
insert into industry (industryid, industry, annual_emissions_in_millions, annual_revenue_in_millions, countryID) values (23, 'Medical Specialities', 11.08, '$15.66', '39');
insert into industry (industryid, industry, annual_emissions_in_millions, annual_revenue_in_millions, countryID) values (24, 'Precious Metals', 29.79, '$34.48', '12');
insert into industry (industryid, industry, annual_emissions_in_millions, annual_revenue_in_millions, countryID) values (25, 'n/a', 98.28, '$91.18', '80');
insert into industry (industryid, industry, annual_emissions_in_millions, annual_revenue_in_millions, countryID) values (26, 'n/a', 29.46, '$3.51', '38');
insert into industry (industryid, industry, annual_emissions_in_millions, annual_revenue_in_millions, countryID) values (27, 'Real Estate', 56.38, '$46.66', '21');
insert into industry (industryid, industry, annual_emissions_in_millions, annual_revenue_in_millions, countryID) values (28, 'Property-Casualty Insurers', 22.24, '$44.95', '4');
insert into industry (industryid, industry, annual_emissions_in_millions, annual_revenue_in_millions, countryID) values (29, 'n/a', 10.07, '$61.20', '14');
insert into industry (industryid, industry, annual_emissions_in_millions, annual_revenue_in_millions, countryID) values (30, 'n/a', 82.16, '$53.91', '72');
insert into industry (industryid, industry, annual_emissions_in_millions, annual_revenue_in_millions, countryID) values (31, 'Food Distributors', 79.5, '$66.61', '71');
insert into industry (industryid, industry, annual_emissions_in_millions, annual_revenue_in_millions, countryID) values (32, 'Computer peripheral equipment', 32.8, '$76.54', '1');
insert into industry (industryid, industry, annual_emissions_in_millions, annual_revenue_in_millions, countryID) values (33, 'Building Materials', 45.23, '$44.35', '79');
insert into industry (industryid, industry, annual_emissions_in_millions, annual_revenue_in_millions, countryID) values (34, 'Real Estate Investment Trusts', 99.72, '$45.52', '50');
insert into industry (industryid, industry, annual_emissions_in_millions, annual_revenue_in_millions, countryID) values (35, 'Medical/Dental Instruments', 21.47, '$34.47', '47');
insert into industry (industryid, industry, annual_emissions_in_millions, annual_revenue_in_millions, countryID) values (36, 'n/a', 63.72, '$53.09', '19');
insert into industry (industryid, industry, annual_emissions_in_millions, annual_revenue_in_millions, countryID) values (37, 'n/a', 59.58, '$67.25', '2');
insert into industry (industryid, industry, annual_emissions_in_millions, annual_revenue_in_millions, countryID) values (38, 'n/a', 14.23, '$52.34', '40');
insert into industry (industryid, industry, annual_emissions_in_millions, annual_revenue_in_millions, countryID) values (39, 'Steel/Iron Ore', 68.39, '$73.58', '62');
insert into industry (industryid, industry, annual_emissions_in_millions, annual_revenue_in_millions, countryID) values (40, 'Real Estate Investment Trusts', 78.66, '$81.96', '70');
insert into industry (industryid, industry, annual_emissions_in_millions, annual_revenue_in_millions, countryID) values (41, 'Biotechnology: Commercial Physical & Biological Resarch', 49.6, '$63.49', '55');
insert into industry (industryid, industry, annual_emissions_in_millions, annual_revenue_in_millions, countryID) values (42, 'n/a', 22.65, '$1.19', '20');
insert into industry (industryid, industry, annual_emissions_in_millions, annual_revenue_in_millions, countryID) values (43, 'Industrial Specialties', 15.51, '$76.82', '56');
insert into industry (industryid, industry, annual_emissions_in_millions, annual_revenue_in_millions, countryID) values (44, 'Major Banks', 82.28, '$47.70', '57');
insert into industry (industryid, industry, annual_emissions_in_millions, annual_revenue_in_millions, countryID) values (45, 'Telecommunications Equipment', 54.95, '$61.83', '16');
insert into industry (industryid, industry, annual_emissions_in_millions, annual_revenue_in_millions, countryID) values (46, 'Savings Institutions', 55.51, '$72.05', '26');
insert into industry (industryid, industry, annual_emissions_in_millions, annual_revenue_in_millions, countryID) values (47, 'n/a', 71.03, '$46.84', '61');
insert into industry (industryid, industry, annual_emissions_in_millions, annual_revenue_in_millions, countryID) values (48, 'n/a', 7.51, '$52.52', '69');
insert into industry (industryid, industry, annual_emissions_in_millions, annual_revenue_in_millions, countryID) values (49, 'Real Estate', 23.64, '$41.91', '18');
insert into industry (industryid, industry, annual_emissions_in_millions, annual_revenue_in_millions, countryID) values (50, 'Other Specialty Stores', 49.05, '$54.46', '78');
insert into industry (industryid, industry, annual_emissions_in_millions, annual_revenue_in_millions, countryID) values (51, 'Packaged Foods', 4.05, '$20.57', '53');
insert into industry (industryid, industry, annual_emissions_in_millions, annual_revenue_in_millions, countryID) values (52, 'Computer Software: Prepackaged Software', 56.66, '$85.60', '52');
insert into industry (industryid, industry, annual_emissions_in_millions, annual_revenue_in_millions, countryID) values (53, 'Marine Transportation', 39.21, '$23.30', '36');
insert into industry (industryid, industry, annual_emissions_in_millions, annual_revenue_in_millions, countryID) values (54, 'Major Banks', 41.82, '$44.82', '37');
insert into industry (industryid, industry, annual_emissions_in_millions, annual_revenue_in_millions, countryID) values (55, 'n/a', 50.21, '$3.18', '45');
insert into industry (industryid, industry, annual_emissions_in_millions, annual_revenue_in_millions, countryID) values (56, 'Industrial Machinery/Components', 76.07, '$23.79', '5');
insert into industry (industryid, industry, annual_emissions_in_millions, annual_revenue_in_millions, countryID) values (57, 'Industrial Machinery/Components', 37.99, '$27.33', '51');
insert into industry (industryid, industry, annual_emissions_in_millions, annual_revenue_in_millions, countryID) values (58, 'Savings Institutions', 98.9, '$22.35', '32');
insert into industry (industryid, industry, annual_emissions_in_millions, annual_revenue_in_millions, countryID) values (59, 'Trucking Freight/Courier Services', 80.69, '$58.11', '11');
insert into industry (industryid, industry, annual_emissions_in_millions, annual_revenue_in_millions, countryID) values (60, 'n/a', 49.3, '$67.36', '3');
insert into industry (industryid, industry, annual_emissions_in_millions, annual_revenue_in_millions, countryID) values (61, 'Real Estate', 92.64, '$75.15', '68');
insert into industry (industryid, industry, annual_emissions_in_millions, annual_revenue_in_millions, countryID) values (62, 'Real Estate', 8.51, '$2.24', '41');
insert into industry (industryid, industry, annual_emissions_in_millions, annual_revenue_in_millions, countryID) values (63, 'Investment Bankers/Brokers/Service', 51.57, '$41.66', '13');
insert into industry (industryid, industry, annual_emissions_in_millions, annual_revenue_in_millions, countryID) values (64, 'Electronic Components', 17.88, '$44.60', '35');
insert into industry (industryid, industry, annual_emissions_in_millions, annual_revenue_in_millions, countryID) values (65, 'Business Services', 46.71, '$59.90', '23');
insert into industry (industryid, industry, annual_emissions_in_millions, annual_revenue_in_millions, countryID) values (66, 'Mining & Quarrying of Nonmetallic Minerals (No Fuels)', 29.95, '$69.89', '17');
insert into industry (industryid, industry, annual_emissions_in_millions, annual_revenue_in_millions, countryID) values (67, 'n/a', 88.11, '$61.77', '54');
insert into industry (industryid, industry, annual_emissions_in_millions, annual_revenue_in_millions, countryID) values (68, 'n/a', 96.7, '$27.80', '10');
insert into industry (industryid, industry, annual_emissions_in_millions, annual_revenue_in_millions, countryID) values (69, 'Restaurants', 63.48, '$75.90', '25');
insert into industry (industryid, industry, annual_emissions_in_millions, annual_revenue_in_millions, countryID) values (70, 'Metal Fabrications', 87.71, '$60.37', '67');
insert into industry (industryid, industry, annual_emissions_in_millions, annual_revenue_in_millions, countryID) values (71, 'Professional Services', 54.76, '$65.93', '9');
insert into industry (industryid, industry, annual_emissions_in_millions, annual_revenue_in_millions, countryID) values (72, 'Major Banks', 1.15, '$82.23', '49');
insert into industry (industryid, industry, annual_emissions_in_millions, annual_revenue_in_millions, countryID) values (73, 'n/a', 97.96, '$57.98', '8');
insert into industry (industryid, industry, annual_emissions_in_millions, annual_revenue_in_millions, countryID) values (74, 'Metal Fabrications', 47.45, '$99.56', '63');
insert into industry (industryid, industry, annual_emissions_in_millions, annual_revenue_in_millions, countryID) values (75, 'n/a', 47.65, '$9.23', '7');
insert into industry (industryid, industry, annual_emissions_in_millions, annual_revenue_in_millions, countryID) values (76, 'Farming/Seeds/Milling', 73.99, '$95.12', '74');
insert into industry (industryid, industry, annual_emissions_in_millions, annual_revenue_in_millions, countryID) values (77, 'Commercial Banks', 58.23, '$39.04', '34');
insert into industry (industryid, industry, annual_emissions_in_millions, annual_revenue_in_millions, countryID) values (78, 'n/a', 79.04, '$31.97', '73');
insert into industry (industryid, industry, annual_emissions_in_millions, annual_revenue_in_millions, countryID) values (79, 'n/a', 99.02, '$55.22', '58');
insert into industry (industryid, industry, annual_emissions_in_millions, annual_revenue_in_millions, countryID) values (80, 'Natural Gas Distribution', 99.41, '$11.01', '76');
insert into industry (industryid, industry, annual_emissions_in_millions, annual_revenue_in_millions, countryID) values (81, 'Multi-Sector Companies', 30.58, '$64.24', '22');
insert into industry (industryid, industry, annual_emissions_in_millions, annual_revenue_in_millions, countryID) values (82, 'Medical/Nursing Services', 38.65, '$54.20', '17');
insert into industry (industryid, industry, annual_emissions_in_millions, annual_revenue_in_millions, countryID) values (83, 'n/a', 73.27, '$83.03', '19');
insert into industry (industryid, industry, annual_emissions_in_millions, annual_revenue_in_millions, countryID) values (84, 'Major Pharmaceuticals', 15.94, '$22.13', '62');
insert into industry (industryid, industry, annual_emissions_in_millions, annual_revenue_in_millions, countryID) values (85, 'Movies/Entertainment', 95.06, '$71.37', '8');
insert into industry (industryid, industry, annual_emissions_in_millions, annual_revenue_in_millions, countryID) values (86, 'Power Generation', 25.65, '$14.62', '63');
insert into industry (industryid, industry, annual_emissions_in_millions, annual_revenue_in_millions, countryID) values (87, 'Major Pharmaceuticals', 9.26, '$8.02', '27');
insert into industry (industryid, industry, annual_emissions_in_millions, annual_revenue_in_millions, countryID) values (88, 'Apparel', 94.22, '$17.25', '9');
insert into industry (industryid, industry, annual_emissions_in_millions, annual_revenue_in_millions, countryID) values (89, 'Metal Fabrications', 25.46, '$45.40', '56');
insert into industry (industryid, industry, annual_emissions_in_millions, annual_revenue_in_millions, countryID) values (90, 'Food Chains', 99.93, '$68.84', '36');
insert into industry (industryid, industry, annual_emissions_in_millions, annual_revenue_in_millions, countryID) values (91, 'Specialty Chemicals', 69.67, '$15.75', '35');
insert into industry (industryid, industry, annual_emissions_in_millions, annual_revenue_in_millions, countryID) values (92, 'Natural Gas Distribution', 26.97, '$26.88', '68');
insert into industry (industryid, industry, annual_emissions_in_millions, annual_revenue_in_millions, countryID) values (93, 'Food Chains', 72.76, '$38.64', '28');
insert into industry (industryid, industry, annual_emissions_in_millions, annual_revenue_in_millions, countryID) values (94, 'Major Banks', 28.95, '$95.78', '20');
insert into industry (industryid, industry, annual_emissions_in_millions, annual_revenue_in_millions, countryID) values (95, 'Major Pharmaceuticals', 70.07, '$51.13', '54');
insert into industry (industryid, industry, annual_emissions_in_millions, annual_revenue_in_millions, countryID) values (96, 'Oil & Gas Production', 43.42, '$42.82', '29');
insert into industry (industryid, industry, annual_emissions_in_millions, annual_revenue_in_millions, countryID) values (97, 'Computer Software: Prepackaged Software', 62.38, '$62.02', '75');
insert into industry (industryid, industry, annual_emissions_in_millions, annual_revenue_in_millions, countryID) values (98, 'Semiconductors', 65.2, '$48.14', '55');
insert into industry (industryid, industry, annual_emissions_in_millions, annual_revenue_in_millions, countryID) values (99, 'Metal Fabrications', 26.18, '$29.46', '38');
insert into industry (industryid, industry, annual_emissions_in_millions, annual_revenue_in_millions, countryID) values (100, 'Trucking Freight/Courier Services', 11.72, '$38.09', '18');
insert into industry (industryid, industry, annual_emissions_in_millions, annual_revenue_in_millions, countryID) values (101, 'n/a', 6.19, '$19.65', '10');
insert into industry (industryid, industry, annual_emissions_in_millions, annual_revenue_in_millions, countryID) values (102, 'Major Pharmaceuticals', 12.19, '$45.70', '40');
insert into industry (industryid, industry, annual_emissions_in_millions, annual_revenue_in_millions, countryID) values (103, 'Agricultural Chemicals', 72.44, '$72.98', '32');
insert into industry (industryid, industry, annual_emissions_in_millions, annual_revenue_in_millions, countryID) values (104, 'n/a', 50.32, '$59.81', '71');
insert into industry (industryid, industry, annual_emissions_in_millions, annual_revenue_in_millions, countryID) values (105, 'n/a', 90.75, '$76.71', '5');
insert into industry (industryid, industry, annual_emissions_in_millions, annual_revenue_in_millions, countryID) values (106, 'Oilfield Services/Equipment', 66.22, '$53.23', '46');
insert into industry (industryid, industry, annual_emissions_in_millions, annual_revenue_in_millions, countryID) values (107, 'Hotels/Resorts', 37.39, '$13.57', '33');
insert into industry (industryid, industry, annual_emissions_in_millions, annual_revenue_in_millions, countryID) values (108, 'Property-Casualty Insurers', 7.77, '$88.33', '37');
insert into industry (industryid, industry, annual_emissions_in_millions, annual_revenue_in_millions, countryID) values (109, 'Oil & Gas Production', 25.01, '$61.36', '76');
insert into industry (industryid, industry, annual_emissions_in_millions, annual_revenue_in_millions, countryID) values (110, 'Radio And Television Broadcasting And Communications Equipment', 48.22, '$54.46', '43');
insert into industry (industryid, industry, annual_emissions_in_millions, annual_revenue_in_millions, countryID) values (111, 'Oil & Gas Production', 35.23, '$27.15', '53');
insert into industry (industryid, industry, annual_emissions_in_millions, annual_revenue_in_millions, countryID) values (112, 'n/a', 74.16, '$73.63', '6');
insert into industry (industryid, industry, annual_emissions_in_millions, annual_revenue_in_millions, countryID) values (113, 'Business Services', 45.49, '$20.88', '44');
insert into industry (industryid, industry, annual_emissions_in_millions, annual_revenue_in_millions, countryID) values (114, 'Power Generation', 50.38, '$87.82', '41');
insert into industry (industryid, industry, annual_emissions_in_millions, annual_revenue_in_millions, countryID) values (115, 'n/a', 84.66, '$77.12', '67');
insert into industry (industryid, industry, annual_emissions_in_millions, annual_revenue_in_millions, countryID) values (116, 'n/a', 60.35, '$25.66', '26');
insert into industry (industryid, industry, annual_emissions_in_millions, annual_revenue_in_millions, countryID) values (117, 'Consumer Specialties', 88.09, '$27.01', '64');
insert into industry (industryid, industry, annual_emissions_in_millions, annual_revenue_in_millions, countryID) values (118, 'n/a', 49.84, '$23.50', '31');
insert into industry (industryid, industry, annual_emissions_in_millions, annual_revenue_in_millions, countryID) values (119, 'Industrial Machinery/Components', 59.72, '$76.13', '50');
insert into industry (industryid, industry, annual_emissions_in_millions, annual_revenue_in_millions, countryID) values (120, 'Agricultural Chemicals', 52.93, '$23.94', '2');
insert into industry (industryid, industry, annual_emissions_in_millions, annual_revenue_in_millions, countryID) values (121, 'Newspapers/Magazines', 90.79, '$96.46', '11');
insert into industry (industryid, industry, annual_emissions_in_millions, annual_revenue_in_millions, countryID) values (122, 'n/a', 97.18, '$14.58', '66');
insert into industry (industryid, industry, annual_emissions_in_millions, annual_revenue_in_millions, countryID) values (123, 'n/a', 45.93, '$92.77', '57');
insert into industry (industryid, industry, annual_emissions_in_millions, annual_revenue_in_millions, countryID) values (124, 'Major Banks', 24.75, '$87.68', '16');
insert into industry (industryid, industry, annual_emissions_in_millions, annual_revenue_in_millions, countryID) values (125, 'Business Services', 5.65, '$28.33', '3');
insert into industry (industryid, industry, annual_emissions_in_millions, annual_revenue_in_millions, countryID) values (126, 'Building Materials', 51.78, '$54.25', '58');
insert into industry (industryid, industry, annual_emissions_in_millions, annual_revenue_in_millions, countryID) values (127, 'Computer Software: Prepackaged Software', 55.25, '$5.55', '70');
insert into industry (industryid, industry, annual_emissions_in_millions, annual_revenue_in_millions, countryID) values (128, 'Major Pharmaceuticals', 24.61, '$81.28', '45');
insert into industry (industryid, industry, annual_emissions_in_millions, annual_revenue_in_millions, countryID) values (129, 'Property-Casualty Insurers', 70.34, '$68.60', '21');
insert into industry (industryid, industry, annual_emissions_in_millions, annual_revenue_in_millions, countryID) values (130, 'Property-Casualty Insurers', 94.84, '$29.37', '30');
insert into industry (industryid, industry, annual_emissions_in_millions, annual_revenue_in_millions, countryID) values (131, 'Semiconductors', 40.39, '$60.47', '65');
insert into industry (industryid, industry, annual_emissions_in_millions, annual_revenue_in_millions, countryID) values (132, 'n/a', 18.34, '$86.79', '12');
insert into industry (industryid, industry, annual_emissions_in_millions, annual_revenue_in_millions, countryID) values (133, 'Industrial Machinery/Components', 30.59, '$60.20', '47');
insert into industry (industryid, industry, annual_emissions_in_millions, annual_revenue_in_millions, countryID) values (134, 'n/a', 6.0, '$73.81', '59');
insert into industry (industryid, industry, annual_emissions_in_millions, annual_revenue_in_millions, countryID) values (135, 'n/a', 79.45, '$80.46', '77');
insert into industry (industryid, industry, annual_emissions_in_millions, annual_revenue_in_millions, countryID) values (136, 'Biotechnology: Biological Products (No Diagnostic Substances)', 57.26, '$41.83', '79');
insert into industry (industryid, industry, annual_emissions_in_millions, annual_revenue_in_millions, countryID) values (137, 'Consumer Specialties', 98.69, '$21.21', '25');
insert into industry (industryid, industry, annual_emissions_in_millions, annual_revenue_in_millions, countryID) values (138, 'Metal Fabrications', 46.51, '$76.21', '13');
insert into industry (industryid, industry, annual_emissions_in_millions, annual_revenue_in_millions, countryID) values (139, 'n/a', 71.4, '$29.19', '52');
insert into industry (industryid, industry, annual_emissions_in_millions, annual_revenue_in_millions, countryID) values (140, 'Biotechnology: Laboratory Analytical Instruments', 33.5, '$35.62', '73');
insert into industry (industryid, industry, annual_emissions_in_millions, annual_revenue_in_millions, countryID) values (141, 'Broadcasting', 81.53, '$12.01', '49');
insert into industry (industryid, industry, annual_emissions_in_millions, annual_revenue_in_millions, countryID) values (142, 'Savings Institutions', 7.41, '$49.53', '14');
insert into industry (industryid, industry, annual_emissions_in_millions, annual_revenue_in_millions, countryID) values (143, 'Electrical Products', 13.74, '$40.33', '39');
insert into industry (industryid, industry, annual_emissions_in_millions, annual_revenue_in_millions, countryID) values (144, 'Steel/Iron Ore', 35.91, '$64.77', '1');
insert into industry (industryid, industry, annual_emissions_in_millions, annual_revenue_in_millions, countryID) values (145, 'Business Services', 27.79, '$53.86', '15');
insert into industry (industryid, industry, annual_emissions_in_millions, annual_revenue_in_millions, countryID) values (146, 'Computer Software: Prepackaged Software', 61.59, '$31.17', '69');
insert into industry (industryid, industry, annual_emissions_in_millions, annual_revenue_in_millions, countryID) values (147, 'n/a', 37.58, '$45.50', '80');
insert into industry (industryid, industry, annual_emissions_in_millions, annual_revenue_in_millions, countryID) values (148, 'n/a', 85.57, '$80.55', '4');
insert into industry (industryid, industry, annual_emissions_in_millions, annual_revenue_in_millions, countryID) values (149, 'Multi-Sector Companies', 75.22, '$98.98', '34');
insert into industry (industryid, industry, annual_emissions_in_millions, annual_revenue_in_millions, countryID) values (150, 'Telecommunications Equipment', 87.33, '$33.89', '51');



insert into people (peopleID, first_name, last_name, email, gender, age, income, annual_emissions, phone, street, postal_code, race, industryID, countryID, cityID) values (1, 'Darell', 'Siddons', 'dsiddons0@edublogs.org', 'Female', 51, '$521751.59', 2652.88, '344-879-6241', '5 3rd Avenue', null, 'Yuman', '16', '47', '22');
insert into people (peopleID, first_name, last_name, email, gender, age, income, annual_emissions, phone, street, postal_code, race, industryID, countryID, cityID) values (2, 'Yance', 'Hassell', 'yhassell1@privacy.gov.au', 'Male', 88, '$133828.55', 7880.15, '295-519-9483', '1400 Commercial Trail', '613060', 'Eskimo', '10', '44', '2');
insert into people (peopleID, first_name, last_name, email, gender, age, income, annual_emissions, phone, street, postal_code, race, industryID, countryID, cityID) values (3, 'Gweneth', 'Murford', 'gmurford2@issuu.com', 'Female', 18, '$291921.21', 6285.57, '895-620-7485', '1440 West Road', '869-5604', 'Malaysian', '1', '48', '6');
insert into people (peopleID, first_name, last_name, email, gender, age, income, annual_emissions, phone, street, postal_code, race, industryID, countryID, cityID) values (4, 'Heriberto', 'De la Yglesia', 'hdelayglesia3@paginegialle.it', 'Male', 94, '$742920.73', 6678.93, '928-748-0986', '42 Bayside Parkway', null, 'Thai', '26', '56', '30');
insert into people (peopleID, first_name, last_name, email, gender, age, income, annual_emissions, phone, street, postal_code, race, industryID, countryID, cityID) values (5, 'Ancell', 'Winslade', 'awinslade4@surveymonkey.com', 'Male', 77, '$69322.18', 1403.28, '362-681-5433', '98477 Oak Pass', '06700-000', 'Creek', '7', '5', '18');
insert into people (peopleID, first_name, last_name, email, gender, age, income, annual_emissions, phone, street, postal_code, race, industryID, countryID, cityID) values (6, 'Michale', 'Brockhouse', 'mbrockhouse5@diigo.com', 'Male', 14, '$231282.22', 2292.16, '469-583-8622', '55039 Buhler Avenue', null, 'Tongan', '12', '36', '8');
insert into people (peopleID, first_name, last_name, email, gender, age, income, annual_emissions, phone, street, postal_code, race, industryID, countryID, cityID) values (7, 'Betty', 'Readie', 'breadie6@pcworld.com', 'Female', 69, '$434296.11', 7867.59, '112-563-1507', '6626 Esker Terrace', null, 'Costa Rican', '18', '24', '20');
insert into people (peopleID, first_name, last_name, email, gender, age, income, annual_emissions, phone, street, postal_code, race, industryID, countryID, cityID) values (8, 'Sterling', 'Bowbrick', 'sbowbrick7@bbb.org', 'Male', 58, '$294588.32', 2677.72, '299-524-9767', '3 1st Plaza', null, 'Hmong', '24', '76', '19');
insert into people (peopleID, first_name, last_name, email, gender, age, income, annual_emissions, phone, street, postal_code, race, industryID, countryID, cityID) values (9, 'Claudian', 'Bailey', 'cbailey8@biblegateway.com', 'Male', 6, '$134334.25', 8320.57, '626-690-9401', '8 Alpine Drive', null, 'Cuban', '21', '33', '25');
insert into people (peopleID, first_name, last_name, email, gender, age, income, annual_emissions, phone, street, postal_code, race, industryID, countryID, cityID) values (10, 'Alden', 'Bettlestone', 'abettlestone9@ox.ac.uk', 'Male', 13, '$911925.09', 1862.39, '622-294-6644', '6885 Bowman Park', null, 'Central American', '6', '70', '17');
insert into people (peopleID, first_name, last_name, email, gender, age, income, annual_emissions, phone, street, postal_code, race, industryID, countryID, cityID) values (11, 'Meade', 'Randell', 'mrandella@vistaprint.com', 'Non-binary', 50, '$613487.86', 4671.05, '878-114-8178', '1 Forest Dale Drive', '164896', 'Colombian', '8', '58', '1');
insert into people (peopleID, first_name, last_name, email, gender, age, income, annual_emissions, phone, street, postal_code, race, industryID, countryID, cityID) values (12, 'Bastian', 'Dunthorn', 'bdunthornb@dyndns.org', 'Male', 98, '$960878.43', 2068.49, '610-634-9418', '544 Everett Center', '60129', 'Chilean', '5', '79', '24');
insert into people (peopleID, first_name, last_name, email, gender, age, income, annual_emissions, phone, street, postal_code, race, industryID, countryID, cityID) values (13, 'Laurent', 'Pudsey', 'lpudseyc@blogs.com', 'Male', 100, '$253198.22', 4680.39, '187-370-3730', '365 Warner Crossing', null, 'Alaska Native', '2', '74', '5');
insert into people (peopleID, first_name, last_name, email, gender, age, income, annual_emissions, phone, street, postal_code, race, industryID, countryID, cityID) values (14, 'Robinia', 'Doak', 'rdoakd@hibu.com', 'Female', 59, '$795923.67', 6770.87, '591-118-5752', '61 Carberry Drive', null, 'Filipino', '9', '35', '11');
insert into people (peopleID, first_name, last_name, email, gender, age, income, annual_emissions, phone, street, postal_code, race, industryID, countryID, cityID) values (15, 'Marcela', 'Vasyukhnov', 'mvasyukhnove@globo.com', 'Female', 87, '$310840.63', 2970.95, '883-240-5875', '2 Merry Hill', '64-980', 'Blackfeet', '13', '28', '3');
insert into people (peopleID, first_name, last_name, email, gender, age, income, annual_emissions, phone, street, postal_code, race, industryID, countryID, cityID) values (16, 'Clevey', 'Wakenshaw', 'cwakenshawf@theatlantic.com', 'Male', 2, '$904258.66', 2823.94, '587-107-4346', '1 Bowman Terrace', '787-0150', 'Chickasaw', '29', '30', '7');
insert into people (peopleID, first_name, last_name, email, gender, age, income, annual_emissions, phone, street, postal_code, race, industryID, countryID, cityID) values (17, 'Martainn', 'Lafranconi', 'mlafranconig@cnet.com', 'Genderfluid', 48, '$505895.80', 8542.81, '639-360-3433', '181 Redwing Pass', '4207', 'Guamanian', '4', '37', '9');
insert into people (peopleID, first_name, last_name, email, gender, age, income, annual_emissions, phone, street, postal_code, race, industryID, countryID, cityID) values (18, 'Ron', 'Losbie', 'rlosbieh@php.net', 'Male', 18, '$416149.90', 6226.33, '211-783-7738', '2 Onsgard Lane', null, 'Navajo', '25', '29', '21');
insert into people (peopleID, first_name, last_name, email, gender, age, income, annual_emissions, phone, street, postal_code, race, industryID, countryID, cityID) values (19, 'Garvy', 'Olenchikov', 'golenchikovi@ehow.com', 'Male', 79, '$954236.97', 4968.5, '567-374-9946', '1337 Hooker Trail', null, 'Comanche', '30', '43', '14');
insert into people (peopleID, first_name, last_name, email, gender, age, income, annual_emissions, phone, street, postal_code, race, industryID, countryID, cityID) values (20, 'Danya', 'Simmans', 'dsimmansj@cyberchimps.com', 'Male', 25, '$470520.40', 8499.57, '230-736-8089', '70580 Corscot Terrace', null, 'Shoshone', '28', '3', '28');
insert into people (peopleID, first_name, last_name, email, gender, age, income, annual_emissions, phone, street, postal_code, race, industryID, countryID, cityID) values (21, 'Trix', 'Hutable', 'thutablek@ebay.co.uk', 'Female', 46, '$368213.59', 4742.6, '424-945-8700', '6 Coleman Drive', '43681', 'Guamanian', '27', '11', '15');
insert into people (peopleID, first_name, last_name, email, gender, age, income, annual_emissions, phone, street, postal_code, race, industryID, countryID, cityID) values (22, 'Philip', 'Robrow', 'probrowl@icio.us', 'Male', 34, '$628214.64', 6681.58, '798-612-9262', '46807 Pearson Crossing', '307156', 'Lumbee', '3', '32', '26');
insert into people (peopleID, first_name, last_name, email, gender, age, income, annual_emissions, phone, street, postal_code, race, industryID, countryID, cityID) values (23, 'Ray', 'Mandrake', 'rmandrakem@cbc.ca', 'Male', 6, '$431904.60', 8491.42, '695-956-8507', '5994 Longview Place', null, 'Yuman', '23', '10', '13');
insert into people (peopleID, first_name, last_name, email, gender, age, income, annual_emissions, phone, street, postal_code, race, industryID, countryID, cityID) values (24, 'Orelie', 'Nielson', 'onielsonn@eventbrite.com', 'Female', 44, '$606782.26', 4262.77, '899-152-8891', '08 Thierer Court', '52105', 'Chamorro', '15', '60', '10');
insert into people (peopleID, first_name, last_name, email, gender, age, income, annual_emissions, phone, street, postal_code, race, industryID, countryID, cityID) values (25, 'Geordie', 'Gatheral', 'ggatheralo@feedburner.com', 'Male', 28, '$423958.58', 5509.55, '691-189-3233', '17194 Rusk Lane', '91901', 'Eskimo', '22', '17', '16');
insert into people (peopleID, first_name, last_name, email, gender, age, income, annual_emissions, phone, street, postal_code, race, industryID, countryID, cityID) values (26, 'Brear', 'Ollarenshaw', 'bollarenshawp@nbcnews.com', 'Bigender', 46, '$796202.38', 9884.76, '259-477-6302', '2301 Florence Crossing', null, 'Crow', '11', '42', '29');
insert into people (peopleID, first_name, last_name, email, gender, age, income, annual_emissions, phone, street, postal_code, race, industryID, countryID, cityID) values (27, 'Theresa', 'Martinet', 'tmartinetq@examiner.com', 'Female', 67, '$525826.10', 3316.42, '829-706-8240', '2 Moose Pass', null, 'Indonesian', '20', '72', '4');
insert into people (peopleID, first_name, last_name, email, gender, age, income, annual_emissions, phone, street, postal_code, race, industryID, countryID, cityID) values (28, 'Kali', 'Cropton', 'kcroptonr@de.vu', 'Female', 58, '$467470.18', 3270.36, '756-757-7882', '071 Old Gate Plaza', null, 'Chickasaw', '17', '46', '27');
insert into people (peopleID, first_name, last_name, email, gender, age, income, annual_emissions, phone, street, postal_code, race, industryID, countryID, cityID) values (29, 'Haskell', 'Turn', 'hturns@indiatimes.com', 'Male', 27, '$528474.80', 7208.97, '153-826-7228', '08063 6th Alley', '717 00', 'Yakama', '19', '75', '12');
insert into people (peopleID, first_name, last_name, email, gender, age, income, annual_emissions, phone, street, postal_code, race, industryID, countryID, cityID) values (30, 'Flore', 'MacKeeg', 'fmackeegt@com.com', 'Female', 69, '$213931.52', 7383.66, '849-634-1117', '1559 Union Park', null, 'Native Hawaiian', '14', '59', '23');
insert into people (peopleID, first_name, last_name, email, gender, age, income, annual_emissions, phone, street, postal_code, race, industryID, countryID, cityID) values (31, 'Clem', 'Mollon', 'cmollonu@who.int', 'Polygender', 51, '$960738.75', 4613.69, '713-490-0643', '363 Sachs Circle', null, 'Nicaraguan', '21', '23', '18');
insert into people (peopleID, first_name, last_name, email, gender, age, income, annual_emissions, phone, street, postal_code, race, industryID, countryID, cityID) values (32, 'Hayyim', 'Brocking', 'hbrockingv@ihg.com', 'Male', 67, '$773671.08', 7240.08, '929-906-0686', '74 West Circle', '19010', 'Alaska Native', '29', '25', '25');
insert into people (peopleID, first_name, last_name, email, gender, age, income, annual_emissions, phone, street, postal_code, race, industryID, countryID, cityID) values (33, 'Arman', 'Kebbell', 'akebbellw@guardian.co.uk', 'Male', 49, '$406138.52', 8074.61, '773-813-1671', '69276 Division Center', '22-310', 'Delaware', '20', '49', '5');
insert into people (peopleID, first_name, last_name, email, gender, age, income, annual_emissions, phone, street, postal_code, race, industryID, countryID, cityID) values (34, 'Myrle', 'Remirez', 'mremirezx@cloudflare.com', 'Female', 90, '$719533.41', 6277.3, '673-601-0456', '5 Spenser Street', 'LE15', 'Ute', '24', '16', '8');
insert into people (peopleID, first_name, last_name, email, gender, age, income, annual_emissions, phone, street, postal_code, race, industryID, countryID, cityID) values (35, 'Katuscha', 'Metham', 'kmethamy@flickr.com', 'Female', 40, '$715451.43', 1376.1, '390-463-1779', '24 Fordem Plaza', '6229', 'Bolivian', '17', '62', '1');
insert into people (peopleID, first_name, last_name, email, gender, age, income, annual_emissions, phone, street, postal_code, race, industryID, countryID, cityID) values (36, 'Olympie', 'O''Sheils', 'oosheilsz@hibu.com', 'Female', 17, '$204563.27', 7521.39, '553-403-0890', '2 Melvin Road', null, 'Apache', '13', '67', '4');
insert into people (peopleID, first_name, last_name, email, gender, age, income, annual_emissions, phone, street, postal_code, race, industryID, countryID, cityID) values (37, 'Minor', 'Hoxey', 'mhoxey10@feedburner.com', 'Male', 24, '$477215.10', 7428.33, '356-972-9731', '6 Delaware Road', '385700', 'South American', '1', '78', '16');
insert into people (peopleID, first_name, last_name, email, gender, age, income, annual_emissions, phone, street, postal_code, race, industryID, countryID, cityID) values (38, 'Patrick', 'Millom', 'pmillom11@skype.com', 'Male', 93, '$321006.10', 9944.7, '391-292-6206', '733 Evergreen Terrace', null, 'Delaware', '15', '40', '9');
insert into people (peopleID, first_name, last_name, email, gender, age, income, annual_emissions, phone, street, postal_code, race, industryID, countryID, cityID) values (39, 'Sacha', 'Clutterbuck', 'sclutterbuck12@friendfeed.com', 'Female', 55, '$295261.28', 3097.31, '893-596-7482', '94 Butterfield Center', null, 'Samoan', '5', '2', '10');
insert into people (peopleID, first_name, last_name, email, gender, age, income, annual_emissions, phone, street, postal_code, race, industryID, countryID, cityID) values (40, 'Orren', 'Rameau', 'orameau13@cyberchimps.com', 'Male', 24, '$139338.94', 6628.93, '822-992-3173', '6753 Stuart Plaza', '550 11', 'Paiute', '19', '38', '13');
insert into people (peopleID, first_name, last_name, email, gender, age, income, annual_emissions, phone, street, postal_code, race, industryID, countryID, cityID) values (41, 'Abbe', 'Bartleet', 'abartleet14@google.com.au', 'Female', 61, '$168129.08', 4505.88, '399-553-5508', '03 Surrey Road', '141540', 'Lumbee', '22', '55', '2');
insert into people (peopleID, first_name, last_name, email, gender, age, income, annual_emissions, phone, street, postal_code, race, industryID, countryID, cityID) values (42, 'Idell', 'Lindsley', 'ilindsley15@pbs.org', 'Female', 81, '$709364.31', 1874.71, '149-570-1969', '99 Texas Road', '47670', 'Taiwanese', '30', '21', '14');
insert into people (peopleID, first_name, last_name, email, gender, age, income, annual_emissions, phone, street, postal_code, race, industryID, countryID, cityID) values (43, 'Luce', 'Grandisson', 'lgrandisson16@123-reg.co.uk', 'Agender', 85, '$525908.45', 2764.13, '657-575-7535', '47 Packers Hill', null, 'Malaysian', '12', '65', '11');
insert into people (peopleID, first_name, last_name, email, gender, age, income, annual_emissions, phone, street, postal_code, race, industryID, countryID, cityID) values (44, 'Gill', 'Pavlov', 'gpavlov17@51.la', 'Female', 18, '$234803.99', 7913.32, '365-618-4530', '669 Brentwood Center', null, 'Samoan', '11', '34', '29');
insert into people (peopleID, first_name, last_name, email, gender, age, income, annual_emissions, phone, street, postal_code, race, industryID, countryID, cityID) values (45, 'Karylin', 'Whiteland', 'kwhiteland18@scribd.com', 'Female', 22, '$339815.85', 8385.06, '141-996-9315', '581 Merrick Parkway', '91948 CEDEX', 'Peruvian', '25', '6', '26');
insert into people (peopleID, first_name, last_name, email, gender, age, income, annual_emissions, phone, street, postal_code, race, industryID, countryID, cityID) values (46, 'Ag', 'McDaid', 'amcdaid19@friendfeed.com', 'Female', 22, '$363414.93', 1546.43, '413-309-9453', '924 Hagan Junction', null, 'Cree', '27', '19', '23');
insert into people (peopleID, first_name, last_name, email, gender, age, income, annual_emissions, phone, street, postal_code, race, industryID, countryID, cityID) values (47, 'Gerick', 'Garley', 'ggarley1a@facebook.com', 'Male', 36, '$211289.76', 7757.24, '136-581-4515', '558 Jenna Terrace', null, 'Paiute', '8', '68', '20');
insert into people (peopleID, first_name, last_name, email, gender, age, income, annual_emissions, phone, street, postal_code, race, industryID, countryID, cityID) values (48, 'Fidelia', 'Gowers', 'fgowers1b@google.com.br', 'Female', 67, '$990796.60', 5010.01, '886-956-5191', '2448 Ilene Alley', null, 'Honduran', '16', '4', '22');
insert into people (peopleID, first_name, last_name, email, gender, age, income, annual_emissions, phone, street, postal_code, race, industryID, countryID, cityID) values (49, 'Ugo', 'McKitterick', 'umckitterick1c@bloglines.com', 'Male', 42, '$287882.66', 1869.85, '314-298-8116', '1709 Continental Point', null, 'Seminole', '6', '8', '12');
insert into people (peopleID, first_name, last_name, email, gender, age, income, annual_emissions, phone, street, postal_code, race, industryID, countryID, cityID) values (50, 'Juliette', 'Bamborough', 'jbamborough1d@arizona.edu', 'Female', 15, '$715365.94', 6807.5, '568-877-6242', '5282 Mandrake Trail', '676307', 'Dominican (Dominican Republic)', '9', '64', '6');
insert into people (peopleID, first_name, last_name, email, gender, age, income, annual_emissions, phone, street, postal_code, race, industryID, countryID, cityID) values (51, 'Carena', 'Swatradge', 'cswatradge1e@tamu.edu', 'Female', 51, '$818263.36', 6697.94, '251-530-4578', '0562 8th Court', null, 'Black or African American', '23', '73', '28');
insert into people (peopleID, first_name, last_name, email, gender, age, income, annual_emissions, phone, street, postal_code, race, industryID, countryID, cityID) values (52, 'Cosimo', 'Hallifax', 'challifax1f@bravesites.com', 'Male', 60, '$113360.99', 5495.89, '441-299-6653', '3 Golf View Center', '3917', 'Comanche', '18', '66', '19');
insert into people (peopleID, first_name, last_name, email, gender, age, income, annual_emissions, phone, street, postal_code, race, industryID, countryID, cityID) values (53, 'Aili', 'Troy', 'atroy1g@gnu.org', 'Female', 62, '$482857.32', 8874.83, '123-271-3783', '3674 Meadow Valley Parkway', null, 'Costa Rican', '14', '71', '15');
insert into people (peopleID, first_name, last_name, email, gender, age, income, annual_emissions, phone, street, postal_code, race, industryID, countryID, cityID) values (54, 'Jerrine', 'Guiraud', 'jguiraud1h@odnoklassniki.ru', 'Female', 38, '$563583.84', 4725.12, '625-348-8042', '3244 Lindbergh Lane', '9618', 'Black or African American', '4', '57', '7');
insert into people (peopleID, first_name, last_name, email, gender, age, income, annual_emissions, phone, street, postal_code, race, industryID, countryID, cityID) values (55, 'Inness', 'Schollar', 'ischollar1i@mysql.com', 'Male', 99, '$125865.35', 6746.95, '342-467-1470', '79 Division Drive', '10410', 'Spaniard', '2', '15', '24');
insert into people (peopleID, first_name, last_name, email, gender, age, income, annual_emissions, phone, street, postal_code, race, industryID, countryID, cityID) values (56, 'Tess', 'Nijs', 'tnijs1j@netscape.com', 'Female', 58, '$214707.51', 8062.43, '263-758-6674', '32379 Pleasure Road', '8040', 'Aleut', '7', '50', '3');
insert into people (peopleID, first_name, last_name, email, gender, age, income, annual_emissions, phone, street, postal_code, race, industryID, countryID, cityID) values (57, 'Erich', 'O''Sesnane', 'eosesnane1k@sogou.com', 'Male', 60, '$158995.12', 9045.15, '769-721-3639', '598 Fremont Parkway', null, 'Paraguayan', '28', '18', '30');
insert into people (peopleID, first_name, last_name, email, gender, age, income, annual_emissions, phone, street, postal_code, race, industryID, countryID, cityID) values (58, 'Athena', 'Clash', 'aclash1l@comsenz.com', 'Female', 94, '$519057.84', 4947.73, '218-477-3904', '687 Lotheville Drive', null, 'Iroquois', '26', '26', '17');
insert into people (peopleID, first_name, last_name, email, gender, age, income, annual_emissions, phone, street, postal_code, race, industryID, countryID, cityID) values (59, 'Corina', 'Wollers', 'cwollers1m@gravatar.com', 'Female', 87, '$467101.56', 6277.04, '429-761-8372', '83 Tony Center', null, 'Bangladeshi', '3', '51', '27');
insert into people (peopleID, first_name, last_name, email, gender, age, income, annual_emissions, phone, street, postal_code, race, industryID, countryID, cityID) values (60, 'Jeremias', 'Szymanek', 'jszymanek1n@google.pl', 'Male', 8, '$69071.29', 1010.77, '510-250-2308', '198 Veith Parkway', null, 'Honduran', '10', '61', '21');
insert into people (peopleID, first_name, last_name, email, gender, age, income, annual_emissions, phone, street, postal_code, race, industryID, countryID, cityID) values (61, 'Cyndi', 'Kondratyuk', 'ckondratyuk1o@wp.com', 'Female', 20, '$848752.06', 3557.86, '135-899-6228', '6005 Jay Parkway', '704-8124', 'Guamanian', '18', '69', '10');
insert into people (peopleID, first_name, last_name, email, gender, age, income, annual_emissions, phone, street, postal_code, race, industryID, countryID, cityID) values (62, 'Kennedy', 'Hollingsby', 'khollingsby1p@deliciousdays.com', 'Male', 96, '$232914.40', 8150.27, '133-379-8317', '1 Kingsford Crossing', '178057', 'Ecuadorian', '30', '22', '22');
insert into people (peopleID, first_name, last_name, email, gender, age, income, annual_emissions, phone, street, postal_code, race, industryID, countryID, cityID) values (63, 'Tiffi', 'Vedishchev', 'tvedishchev1q@bloomberg.com', 'Female', 53, '$307148.65', 7502.39, '662-307-3022', '2230 Calypso Trail', null, 'Alaska Native', '25', '1', '1');
insert into people (peopleID, first_name, last_name, email, gender, age, income, annual_emissions, phone, street, postal_code, race, industryID, countryID, cityID) values (64, 'Gerald', 'Gerge', 'ggerge1r@si.edu', 'Male', 85, '$228324.95', 6674.8, '758-810-2106', '7099 Emmet Drive', '140074', 'Ute', '27', '12', '23');
insert into people (peopleID, first_name, last_name, email, gender, age, income, annual_emissions, phone, street, postal_code, race, industryID, countryID, cityID) values (65, 'Eugenio', 'Cisec', 'ecisec1s@amazon.co.uk', 'Male', 94, '$91957.33', 4345.86, '544-245-6779', '8175 Coleman Park', null, 'Micronesian', '1', '54', '7');
insert into people (peopleID, first_name, last_name, email, gender, age, income, annual_emissions, phone, street, postal_code, race, industryID, countryID, cityID) values (66, 'Jacky', 'Dinkin', 'jdinkin1t@webs.com', 'Female', 96, '$636977.39', 9590.0, '282-186-8971', '1 Mandrake Point', null, 'Asian', '24', '80', '3');
insert into people (peopleID, first_name, last_name, email, gender, age, income, annual_emissions, phone, street, postal_code, race, industryID, countryID, cityID) values (67, 'Nickie', 'Godthaab', 'ngodthaab1u@tinypic.com', 'Female', 36, '$890045.52', 1844.75, '849-554-7158', '10 Maple Lane', null, 'Dominican (Dominican Republic)', '19', '13', '9');
insert into people (peopleID, first_name, last_name, email, gender, age, income, annual_emissions, phone, street, postal_code, race, industryID, countryID, cityID) values (68, 'Tallou', 'Veschambes', 'tveschambes1v@salon.com', 'Bigender', 44, '$107279.61', 3837.7, '203-698-6629', '42 Clyde Gallagher Road', '423650', 'Tohono O''Odham', '29', '20', '4');
insert into people (peopleID, first_name, last_name, email, gender, age, income, annual_emissions, phone, street, postal_code, race, industryID, countryID, cityID) values (69, 'Dell', 'Pitchers', 'dpitchers1w@exblog.jp', 'Male', 54, '$599039.63', 1380.96, '214-571-0158', '78 Fallview Trail', '75372', 'Ecuadorian', '14', '41', '19');
insert into people (peopleID, first_name, last_name, email, gender, age, income, annual_emissions, phone, street, postal_code, race, industryID, countryID, cityID) values (70, 'Kurt', 'Cicero', 'kcicero1x@time.com', 'Male', 75, '$99726.29', 4217.51, '731-590-9468', '6 1st Road', null, 'Lumbee', '7', '53', '28');
insert into people (peopleID, first_name, last_name, email, gender, age, income, annual_emissions, phone, street, postal_code, race, industryID, countryID, cityID) values (71, 'Katharine', 'Newson', 'knewson1y@shutterfly.com', 'Female', 61, '$158526.05', 9912.25, '387-200-6731', '927 Bartelt Trail', '1114', 'Apache', '3', '27', '27');
insert into people (peopleID, first_name, last_name, email, gender, age, income, annual_emissions, phone, street, postal_code, race, industryID, countryID, cityID) values (72, 'My', 'Toyer', 'mtoyer1z@cocolog-nifty.com', 'Male', 97, '$630584.18', 3891.44, '369-718-2336', '9 Dryden Street', null, 'Argentinian', '17', '45', '30');
insert into people (peopleID, first_name, last_name, email, gender, age, income, annual_emissions, phone, street, postal_code, race, industryID, countryID, cityID) values (73, 'Alaine', 'Le Grove', 'alegrove20@globo.com', 'Female', 71, '$28414.59', 5955.87, '799-357-9162', '762 Waywood Pass', null, 'Iroquois', '16', '63', '21');
insert into people (peopleID, first_name, last_name, email, gender, age, income, annual_emissions, phone, street, postal_code, race, industryID, countryID, cityID) values (74, 'Rickert', 'Ferrige', 'rferrige21@economist.com', 'Male', 89, '$395495.35', 6284.96, '736-376-9789', '8717 Straubel Point', null, 'Iroquois', '8', '7', '6');
insert into people (peopleID, first_name, last_name, email, gender, age, income, annual_emissions, phone, street, postal_code, race, industryID, countryID, cityID) values (75, 'Idalina', 'Kohring', 'ikohring22@utexas.edu', 'Female', 59, '$275188.05', 6555.88, '370-643-5113', '7571 Fuller Plaza', '20500', 'Creek', '2', '31', '12');
insert into people (peopleID, first_name, last_name, email, gender, age, income, annual_emissions, phone, street, postal_code, race, industryID, countryID, cityID) values (76, 'Birgit', 'Lob', 'blob23@baidu.com', 'Female', 21, '$824608.89', 9594.99, '739-921-6498', '9202 Haas Plaza', '05-334', 'Argentinian', '4', '52', '14');
insert into people (peopleID, first_name, last_name, email, gender, age, income, annual_emissions, phone, street, postal_code, race, industryID, countryID, cityID) values (77, 'Alastair', 'Vankeev', 'avankeev24@sfgate.com', 'Male', 46, '$810650.54', 2585.16, '912-351-0488', '01 Buell Court', '727-0203', 'Cherokee', '15', '9', '13');
insert into people (peopleID, first_name, last_name, email, gender, age, income, annual_emissions, phone, street, postal_code, race, industryID, countryID, cityID) values (78, 'Rick', 'Renny', 'rrenny25@usda.gov', 'Male', 77, '$461418.15', 3138.21, '379-666-6505', '8178 West Avenue', '5113', 'Sri Lankan', '22', '77', '17');
insert into people (peopleID, first_name, last_name, email, gender, age, income, annual_emissions, phone, street, postal_code, race, industryID, countryID, cityID) values (79, 'Vikki', 'Otto', 'votto26@livejournal.com', 'Female', 55, '$229267.78', 1879.39, '148-323-7277', '257 Corry Parkway', '8423', 'Honduran', '9', '14', '8');
insert into people (peopleID, first_name, last_name, email, gender, age, income, annual_emissions, phone, street, postal_code, race, industryID, countryID, cityID) values (80, 'Jasen', 'Richardes', 'jrichardes27@canalblog.com', 'Male', 68, '$229721.14', 1857.56, '270-115-8987', '5016 Redwing Parkway', '364 71', 'Spaniard', '12', '39', '20');
insert into people (peopleID, first_name, last_name, email, gender, age, income, annual_emissions, phone, street, postal_code, race, industryID, countryID, cityID) values (81, 'Cob', 'Claxton', 'cclaxton28@godaddy.com', 'Male', 40, '$711237.37', 7409.79, '121-273-8452', '110 Dennis Junction', null, 'Alaska Native', '21', '38', '18');
insert into people (peopleID, first_name, last_name, email, gender, age, income, annual_emissions, phone, street, postal_code, race, industryID, countryID, cityID) values (82, 'Irina', 'Padson', 'ipadson29@shop-pro.jp', 'Female', 6, '$415626.53', 1928.62, '537-363-8849', '580 Grasskamp Court', '692715', 'Puget Sound Salish', '11', '15', '16');
insert into people (peopleID, first_name, last_name, email, gender, age, income, annual_emissions, phone, street, postal_code, race, industryID, countryID, cityID) values (83, 'Ailis', 'Abbey', 'aabbey2a@flickr.com', 'Female', 29, '$717517.52', 2110.71, '329-828-5559', '48291 High Crossing Plaza', null, 'Spaniard', '13', '48', '15');
insert into people (peopleID, first_name, last_name, email, gender, age, income, annual_emissions, phone, street, postal_code, race, industryID, countryID, cityID) values (84, 'Sydney', 'Fearon', 'sfearon2b@miibeian.gov.cn', 'Male', 69, '$868110.56', 3868.93, '523-965-2614', '93 Buena Vista Place', null, 'American Indian and Alaska Native (AIAN)', '26', '14', '25');
insert into people (peopleID, first_name, last_name, email, gender, age, income, annual_emissions, phone, street, postal_code, race, industryID, countryID, cityID) values (85, 'Dante', 'Dober', 'ddober2c@wix.com', 'Male', 38, '$430129.51', 7909.9, '551-185-3367', '3 Mallard Drive', null, 'Yuman', '6', '54', '29');
insert into people (peopleID, first_name, last_name, email, gender, age, income, annual_emissions, phone, street, postal_code, race, industryID, countryID, cityID) values (86, 'Alecia', 'Duval', 'aduval2d@rambler.ru', 'Female', 19, '$712940.51', 9917.94, '873-252-6476', '239 Stoughton Point', 'A86', 'Yuman', '28', '80', '26');
insert into people (peopleID, first_name, last_name, email, gender, age, income, annual_emissions, phone, street, postal_code, race, industryID, countryID, cityID) values (87, 'Lucas', 'Sellars', 'lsellars2e@ebay.com', 'Male', 99, '$744315.99', 3476.26, '637-226-6080', '13 Hallows Terrace', null, 'Crow', '5', '21', '5');
insert into people (peopleID, first_name, last_name, email, gender, age, income, annual_emissions, phone, street, postal_code, race, industryID, countryID, cityID) values (88, 'Godiva', 'Dowling', 'gdowling2f@unicef.org', 'Female', 27, '$818798.40', 1441.62, '250-425-8070', '9892 Ruskin Junction', null, 'Delaware', '23', '24', '24');
insert into people (peopleID, first_name, last_name, email, gender, age, income, annual_emissions, phone, street, postal_code, race, industryID, countryID, cityID) values (89, 'Glynda', 'Wooding', 'gwooding2g@github.com', 'Female', 64, '$248092.79', 6340.73, '578-160-6678', '1 Southridge Place', null, 'Thai', '20', '4', '11');
insert into people (peopleID, first_name, last_name, email, gender, age, income, annual_emissions, phone, street, postal_code, race, industryID, countryID, cityID) values (90, 'Lucien', 'Van De Cappelle', 'lvandecappelle2h@studiopress.com', 'Male', 16, '$64703.89', 1618.11, '159-940-8127', '565 Sullivan Terrace', null, 'American Indian and Alaska Native (AIAN)', '10', '46', '2');
insert into people (peopleID, first_name, last_name, email, gender, age, income, annual_emissions, phone, street, postal_code, race, industryID, countryID, cityID) values (91, 'Peria', 'Bricket', 'pbricket2i@webs.com', 'Female', 73, '$158742.16', 6651.53, '118-315-7882', '27566 Fairview Park', null, 'Chippewa', '21', '37', '12');
insert into people (peopleID, first_name, last_name, email, gender, age, income, annual_emissions, phone, street, postal_code, race, industryID, countryID, cityID) values (92, 'Bibby', 'Mandeville', 'bmandeville2j@cyberchimps.com', 'Female', 51, '$185951.09', 7333.04, '407-686-7163', '5 Hintze Center', '14860-000', 'Pueblo', '16', '1', '27');
insert into people (peopleID, first_name, last_name, email, gender, age, income, annual_emissions, phone, street, postal_code, race, industryID, countryID, cityID) values (93, 'Aeriela', 'Bench', 'abench2k@disqus.com', 'Female', 46, '$881832.19', 7659.55, '891-657-2910', '010 Bunker Hill Trail', null, 'Honduran', '19', '55', '10');
insert into people (peopleID, first_name, last_name, email, gender, age, income, annual_emissions, phone, street, postal_code, race, industryID, countryID, cityID) values (94, 'Nichole', 'Element', 'nelement2l@usa.gov', 'Male', 93, '$268711.67', 3628.7, '417-869-8506', '8176 Gerald Court', null, 'Alaskan Athabascan', '22', '56', '21');
insert into people (peopleID, first_name, last_name, email, gender, age, income, annual_emissions, phone, street, postal_code, race, industryID, countryID, cityID) values (95, 'Vin', 'Bidmead', 'vbidmead2m@topsy.com', 'Male', 87, '$356016.76', 5491.28, '776-858-1811', '3208 Vahlen Pass', null, 'Bolivian', '3', '75', '14');
insert into people (peopleID, first_name, last_name, email, gender, age, income, annual_emissions, phone, street, postal_code, race, industryID, countryID, cityID) values (96, 'Clovis', 'Misselbrook', 'cmisselbrook2n@liveinternet.ru', 'Female', 88, '$810355.21', 6895.22, '468-250-4773', '690 Lakewood Avenue', null, 'Micronesian', '28', '16', '2');
insert into people (peopleID, first_name, last_name, email, gender, age, income, annual_emissions, phone, street, postal_code, race, industryID, countryID, cityID) values (97, 'Conant', 'Hulland', 'chulland2o@narod.ru', 'Male', 36, '$585483.58', 9816.45, '224-775-0992', '0083 Autumn Leaf Court', '17-132', 'Salvadoran', '14', '64', '23');
insert into people (peopleID, first_name, last_name, email, gender, age, income, annual_emissions, phone, street, postal_code, race, industryID, countryID, cityID) values (98, 'Gustavo', 'O''Longain', 'golongain2p@hud.gov', 'Male', 22, '$230465.69', 9577.76, '627-901-6185', '17472 Haas Place', null, 'Native Hawaiian', '26', '44', '26');
insert into people (peopleID, first_name, last_name, email, gender, age, income, annual_emissions, phone, street, postal_code, race, industryID, countryID, cityID) values (99, 'Molli', 'McKechnie', 'mmckechnie2q@accuweather.com', 'Genderfluid', 68, '$210466.75', 8300.53, '173-962-1806', '0 Lawn Park', '85760-000', 'Comanche', '30', '6', '7');
insert into people (peopleID, first_name, last_name, email, gender, age, income, annual_emissions, phone, street, postal_code, race, industryID, countryID, cityID) values (100, 'Rosabel', 'Samsin', 'rsamsin2r@ucoz.com', 'Female', 35, '$194257.90', 4105.27, '194-457-5650', '27 Fisk Road', '8704', 'Peruvian', '27', '61', '15');
insert into people (peopleID, first_name, last_name, email, gender, age, income, annual_emissions, phone, street, postal_code, race, industryID, countryID, cityID) values (101, 'Ellwood', 'Thynne', 'ethynne2s@wired.com', 'Male', 29, '$911335.92', 2564.95, '741-228-2626', '7189 Gina Center', '2970-182', 'Blackfeet', '25', '7', '25');
insert into people (peopleID, first_name, last_name, email, gender, age, income, annual_emissions, phone, street, postal_code, race, industryID, countryID, cityID) values (102, 'Piggy', 'Lottrington', 'plottrington2t@howstuffworks.com', 'Male', 23, '$901102.78', 9173.36, '926-935-9434', '4 Moulton Place', '54015', 'Pakistani', '9', '59', '9');
insert into people (peopleID, first_name, last_name, email, gender, age, income, annual_emissions, phone, street, postal_code, race, industryID, countryID, cityID) values (103, 'Evania', 'Wankling', 'ewankling2u@cnn.com', 'Female', 25, '$633617.39', 6091.71, '779-109-7208', '32240 Warrior Pass', '77140', 'Puget Sound Salish', '4', '35', '3');
insert into people (peopleID, first_name, last_name, email, gender, age, income, annual_emissions, phone, street, postal_code, race, industryID, countryID, cityID) values (104, 'Stacey', 'Leckenby', 'sleckenby2v@census.gov', 'Agender', 63, '$125474.99', 8125.65, '589-640-2293', '23709 7th Street', null, 'Central American', '8', '29', '13');
insert into people (peopleID, first_name, last_name, email, gender, age, income, annual_emissions, phone, street, postal_code, race, industryID, countryID, cityID) values (105, 'Selma', 'Alastair', 'salastair2w@stanford.edu', 'Non-binary', 30, '$703440.54', 8717.8, '609-391-9893', '53 Bobwhite Point', '63136', 'Thai', '2', '47', '4');
insert into people (peopleID, first_name, last_name, email, gender, age, income, annual_emissions, phone, street, postal_code, race, industryID, countryID, cityID) values (106, 'Pieter', 'Udey', 'pudey2x@ow.ly', 'Male', 4, '$151700.15', 7385.29, '267-219-0266', '994 Homewood Place', '8108', 'Black or African American', '11', '65', '16');
insert into people (peopleID, first_name, last_name, email, gender, age, income, annual_emissions, phone, street, postal_code, race, industryID, countryID, cityID) values (107, 'Tamas', 'Bransdon', 'tbransdon2y@merriam-webster.com', 'Male', 61, '$928182.66', 2206.92, '135-911-2235', '754 Darwin Way', null, 'Eskimo', '10', '45', '11');
insert into people (peopleID, first_name, last_name, email, gender, age, income, annual_emissions, phone, street, postal_code, race, industryID, countryID, cityID) values (108, 'Andrea', 'Muncey', 'amuncey2z@army.mil', 'Male', 42, '$332384.14', 2557.66, '456-466-9826', '674 Butternut Drive', null, 'Cheyenne', '17', '32', '6');
insert into people (peopleID, first_name, last_name, email, gender, age, income, annual_emissions, phone, street, postal_code, race, industryID, countryID, cityID) values (109, 'Lorin', 'Feast', 'lfeast30@51.la', 'Male', 33, '$823953.23', 9220.93, '614-471-9458', '20428 Drewry Junction', '22200', 'Osage', '15', '77', '30');
insert into people (peopleID, first_name, last_name, email, gender, age, income, annual_emissions, phone, street, postal_code, race, industryID, countryID, cityID) values (110, 'Jethro', 'Bockett', 'jbockett31@photobucket.com', 'Male', 59, '$501923.01', 6045.38, '341-120-8172', '829 Nobel Drive', null, 'Yuman', '7', '23', '24');
insert into people (peopleID, first_name, last_name, email, gender, age, income, annual_emissions, phone, street, postal_code, race, industryID, countryID, cityID) values (111, 'Hamish', 'Armal', 'harmal32@mozilla.com', 'Male', 12, '$913667.35', 1960.02, '489-991-5442', '1500 Longview Trail', null, 'Vietnamese', '29', '26', '28');
insert into people (peopleID, first_name, last_name, email, gender, age, income, annual_emissions, phone, street, postal_code, race, industryID, countryID, cityID) values (112, 'Fredia', 'Ketton', 'fketton33@gravatar.com', 'Female', 80, '$89263.26', 7557.53, '616-237-3405', '0 Sunnyside Plaza', '1805', 'Pakistani', '23', '42', '29');
insert into people (peopleID, first_name, last_name, email, gender, age, income, annual_emissions, phone, street, postal_code, race, industryID, countryID, cityID) values (113, 'Gillie', 'Guite', 'gguite34@microsoft.com', 'Agender', 69, '$317840.92', 9092.59, '132-794-1114', '2 Daystar Pass', null, 'Melanesian', '20', '52', '1');
insert into people (peopleID, first_name, last_name, email, gender, age, income, annual_emissions, phone, street, postal_code, race, industryID, countryID, cityID) values (114, 'Prudy', 'Stocking', 'pstocking35@uol.com.br', 'Female', 14, '$832530.04', 5382.55, '147-906-7674', '76453 Northland Point', null, 'Thai', '5', '40', '20');
insert into people (peopleID, first_name, last_name, email, gender, age, income, annual_emissions, phone, street, postal_code, race, industryID, countryID, cityID) values (115, 'Basil', 'Pate', 'bpate36@smh.com.au', 'Male', 94, '$209476.97', 4825.76, '147-936-2591', '97 Holmberg Avenue', '2510-515', 'Tongan', '13', '62', '8');
insert into people (peopleID, first_name, last_name, email, gender, age, income, annual_emissions, phone, street, postal_code, race, industryID, countryID, cityID) values (116, 'Matthias', 'Harkes', 'mharkes37@linkedin.com', 'Male', 87, '$979698.66', 8432.73, '245-750-6488', '807 Loeprich Parkway', null, 'Yuman', '18', '66', '22');
insert into people (peopleID, first_name, last_name, email, gender, age, income, annual_emissions, phone, street, postal_code, race, industryID, countryID, cityID) values (117, 'Ethelda', 'Whyley', 'ewhyley38@soundcloud.com', 'Genderfluid', 44, '$91333.35', 4382.33, '201-827-6893', '18 Mcbride Point', '70130', 'Yuman', '1', '31', '19');
insert into people (peopleID, first_name, last_name, email, gender, age, income, annual_emissions, phone, street, postal_code, race, industryID, countryID, cityID) values (118, 'Heinrick', 'Samwayes', 'hsamwayes39@who.int', 'Male', 36, '$753594.13', 6139.79, '177-887-1292', '118 Eliot Street', '151287', 'Tongan', '6', '8', '18');
insert into people (peopleID, first_name, last_name, email, gender, age, income, annual_emissions, phone, street, postal_code, race, industryID, countryID, cityID) values (119, 'Del', 'Chamberlen', 'dchamberlen3a@sohu.com', 'Genderfluid', 50, '$755669.05', 2380.91, '992-940-1374', '059 Erie Park', 'N9A', 'Alaska Native', '12', '36', '17');
insert into people (peopleID, first_name, last_name, email, gender, age, income, annual_emissions, phone, street, postal_code, race, industryID, countryID, cityID) values (120, 'Chickie', 'Fellnee', 'cfellnee3b@friendfeed.com', 'Non-binary', 100, '$438108.82', 4774.37, '864-383-5815', '025 Hoffman Junction', null, 'Japanese', '24', '73', '5');
insert into people (peopleID, first_name, last_name, email, gender, age, income, annual_emissions, phone, street, postal_code, race, industryID, countryID, cityID) values (121, 'Duncan', 'Foucard', 'dfoucard3c@nymag.com', 'Male', 75, '$713935.63', 4537.16, '504-880-9855', '18 Prentice Court', null, 'Samoan', '21', '13', '7');
insert into people (peopleID, first_name, last_name, email, gender, age, income, annual_emissions, phone, street, postal_code, race, industryID, countryID, cityID) values (122, 'Aland', 'Pogson', 'apogson3d@google.ru', 'Male', 73, '$713662.71', 5895.7, '492-921-8031', '6719 Heath Street', '06293 CEDEX 3', 'Yakama', '14', '72', '2');
insert into people (peopleID, first_name, last_name, email, gender, age, income, annual_emissions, phone, street, postal_code, race, industryID, countryID, cityID) values (123, 'Debora', 'O''Sheilds', 'dosheilds3e@devhub.com', 'Female', 73, '$965480.70', 6416.54, '402-407-7678', '1 Northland Center', '2124', 'Chamorro', '18', '70', '9');
insert into people (peopleID, first_name, last_name, email, gender, age, income, annual_emissions, phone, street, postal_code, race, industryID, countryID, cityID) values (124, 'Kyle', 'De Michetti', 'kdemichetti3f@oracle.com', 'Male', 26, '$232862.90', 6824.46, '976-798-0747', '95 Sherman Hill', '399768', 'Blackfeet', '10', '78', '20');
insert into people (peopleID, first_name, last_name, email, gender, age, income, annual_emissions, phone, street, postal_code, race, industryID, countryID, cityID) values (125, 'Vinny', 'Gowing', 'vgowing3g@thetimes.co.uk', 'Female', 13, '$525612.61', 5666.25, '864-515-1335', '0 Steensland Way', null, 'Vietnamese', '9', '41', '29');
insert into people (peopleID, first_name, last_name, email, gender, age, income, annual_emissions, phone, street, postal_code, race, industryID, countryID, cityID) values (126, 'Federica', 'Lanceley', 'flanceley3h@discuz.net', 'Female', 96, '$546107.86', 9077.0, '309-946-4497', '7257 Grasskamp Lane', null, 'Cheyenne', '2', '5', '14');
insert into people (peopleID, first_name, last_name, email, gender, age, income, annual_emissions, phone, street, postal_code, race, industryID, countryID, cityID) values (127, 'Joscelin', 'Deeney', 'jdeeney3i@alibaba.com', 'Female', 85, '$124942.08', 7963.46, '600-860-9116', '0 Gina Avenue', '184389', 'Cambodian', '12', '11', '26');
insert into people (peopleID, first_name, last_name, email, gender, age, income, annual_emissions, phone, street, postal_code, race, industryID, countryID, cityID) values (128, 'Juline', 'Coltan', 'jcoltan3j@1688.com', 'Female', 44, '$314799.32', 4356.0, '566-895-7138', '10 Grasskamp Road', '157460', 'Fijian', '30', '3', '25');
insert into people (peopleID, first_name, last_name, email, gender, age, income, annual_emissions, phone, street, postal_code, race, industryID, countryID, cityID) values (129, 'Claire', 'Cust', 'ccust3k@w3.org', 'Male', 38, '$659510.77', 2030.22, '377-266-4582', '8000 Duke Drive', '6407', 'Korean', '11', '51', '8');
insert into people (peopleID, first_name, last_name, email, gender, age, income, annual_emissions, phone, street, postal_code, race, industryID, countryID, cityID) values (130, 'Herold', 'McIlenna', 'hmcilenna3l@github.io', 'Male', 41, '$495116.88', 1864.02, '817-158-5331', '44673 Village Lane', '76121', 'Alaska Native', '8', '34', '10');
insert into people (peopleID, first_name, last_name, email, gender, age, income, annual_emissions, phone, street, postal_code, race, industryID, countryID, cityID) values (131, 'Alina', 'Denford', 'adenford3m@blogspot.com', 'Female', 52, '$894121.22', 7743.56, '215-696-2875', '10 Porter Court', '671 07', 'Colombian', '28', '57', '11');
insert into people (peopleID, first_name, last_name, email, gender, age, income, annual_emissions, phone, street, postal_code, race, industryID, countryID, cityID) values (132, 'Calvin', 'Taye', 'ctaye3n@ft.com', 'Male', 96, '$151177.78', 3465.75, '971-276-1779', '2 Erie Court', null, 'Tlingit-Haida', '1', '63', '16');
insert into people (peopleID, first_name, last_name, email, gender, age, income, annual_emissions, phone, street, postal_code, race, industryID, countryID, cityID) values (133, 'Llewellyn', 'Sidon', 'lsidon3o@photobucket.com', 'Male', 60, '$903287.85', 4450.96, '566-689-3153', '7 Petterle Parkway', '5030-304', 'Potawatomi', '20', '67', '3');
insert into people (peopleID, first_name, last_name, email, gender, age, income, annual_emissions, phone, street, postal_code, race, industryID, countryID, cityID) values (134, 'Rahal', 'Dicken', 'rdicken3p@taobao.com', 'Female', 23, '$847247.32', 3081.86, '127-959-9836', '5 Superior Point', '4600-757', 'Kiowa', '5', '60', '30');
insert into people (peopleID, first_name, last_name, email, gender, age, income, annual_emissions, phone, street, postal_code, race, industryID, countryID, cityID) values (135, 'Elsinore', 'Satyford', 'esatyford3q@rediff.com', 'Female', 2, '$769469.29', 2147.13, '263-269-5134', '75186 East Circle', 'AD600', 'Peruvian', '17', '2', '6');
insert into people (peopleID, first_name, last_name, email, gender, age, income, annual_emissions, phone, street, postal_code, race, industryID, countryID, cityID) values (136, 'Den', 'Larner', 'dlarner3r@weather.com', 'Polygender', 97, '$469701.10', 9703.58, '405-953-5764', '829 Dakota Drive', null, 'Chippewa', '27', '68', '22');
insert into people (peopleID, first_name, last_name, email, gender, age, income, annual_emissions, phone, street, postal_code, race, industryID, countryID, cityID) values (137, 'Millicent', 'Brugden', 'mbrugden3s@sakura.ne.jp', 'Female', 70, '$685247.90', 4313.97, '951-224-0707', '19444 Roth Drive', null, 'Chamorro', '22', '22', '24');
insert into people (peopleID, first_name, last_name, email, gender, age, income, annual_emissions, phone, street, postal_code, race, industryID, countryID, cityID) values (138, 'Roseanna', 'Lummis', 'rlummis3t@behance.net', 'Female', 31, '$112200.92', 1630.59, '969-792-0141', '06684 Swallow Alley', '426-0224', 'Ottawa', '6', '27', '18');
insert into people (peopleID, first_name, last_name, email, gender, age, income, annual_emissions, phone, street, postal_code, race, industryID, countryID, cityID) values (139, 'Andeee', 'Philimore', 'aphilimore3u@amazon.co.jp', 'Female', 36, '$293712.70', 2904.34, '672-467-5393', '10822 Lukken Street', null, 'Nicaraguan', '16', '30', '5');
insert into people (peopleID, first_name, last_name, email, gender, age, income, annual_emissions, phone, street, postal_code, race, industryID, countryID, cityID) values (140, 'Kimberlyn', 'Dyster', 'kdyster3v@adobe.com', 'Female', 84, '$195524.21', 4293.17, '218-815-0556', '3 Helena Circle', null, 'Sri Lankan', '29', '39', '1');
insert into people (peopleID, first_name, last_name, email, gender, age, income, annual_emissions, phone, street, postal_code, race, industryID, countryID, cityID) values (141, 'Matti', 'Salerg', 'msalerg3w@usgs.gov', 'Female', 30, '$445036.38', 6027.9, '631-609-3612', '4 Bonner Circle', '33-170', 'Peruvian', '13', '12', '4');
insert into people (peopleID, first_name, last_name, email, gender, age, income, annual_emissions, phone, street, postal_code, race, industryID, countryID, cityID) values (142, 'Tabb', 'Hovenden', 'thovenden3x@umn.edu', 'Male', 77, '$886320.39', 3399.32, '196-781-4251', '74324 Springs Alley', null, 'Alaska Native', '4', '49', '23');
insert into people (peopleID, first_name, last_name, email, gender, age, income, annual_emissions, phone, street, postal_code, race, industryID, countryID, cityID) values (143, 'Drud', 'Dilger', 'ddilger3y@angelfire.com', 'Male', 46, '$962617.63', 1577.7, '386-628-4925', '3 International Place', '67454 CEDEX', 'Peruvian', '25', '17', '27');
insert into people (peopleID, first_name, last_name, email, gender, age, income, annual_emissions, phone, street, postal_code, race, industryID, countryID, cityID) values (144, 'Reeta', 'Edensor', 'redensor3z@scientificamerican.com', 'Female', 35, '$491374.19', 8919.02, '938-762-8795', '58253 Luster Point', null, 'Melanesian', '15', '19', '19');
insert into people (peopleID, first_name, last_name, email, gender, age, income, annual_emissions, phone, street, postal_code, race, industryID, countryID, cityID) values (145, 'Ira', 'Shekle', 'ishekle40@istockphoto.com', 'Female', 6, '$614640.49', 4850.91, '127-864-0444', '0 Surrey Parkway', null, 'Ottawa', '7', '76', '12');
insert into people (peopleID, first_name, last_name, email, gender, age, income, annual_emissions, phone, street, postal_code, race, industryID, countryID, cityID) values (146, 'Phineas', 'Mahady', 'pmahady41@fda.gov', 'Non-binary', 58, '$490148.16', 4945.84, '928-461-9804', '0670 Bultman Park', null, 'Yaqui', '26', '53', '15');
insert into people (peopleID, first_name, last_name, email, gender, age, income, annual_emissions, phone, street, postal_code, race, industryID, countryID, cityID) values (147, 'Godfrey', 'Scouller', 'gscouller42@yandex.ru', 'Male', 54, '$989318.85', 6311.83, '730-843-9286', '32830 Ridgeview Crossing', null, 'Paiute', '23', '50', '21');
insert into people (peopleID, first_name, last_name, email, gender, age, income, annual_emissions, phone, street, postal_code, race, industryID, countryID, cityID) values (148, 'Norby', 'Titt', 'ntitt43@walmart.com', 'Male', 100, '$464347.53', 6905.06, '596-532-3435', '1 Center Pass', '6267', 'Mexican', '24', '58', '13');
insert into people (peopleID, first_name, last_name, email, gender, age, income, annual_emissions, phone, street, postal_code, race, industryID, countryID, cityID) values (149, 'Sara', 'Stigell', 'sstigell44@dyndns.org', 'Female', 94, '$269446.80', 1979.44, '175-882-4739', '700 Grayhawk Circle', '368043', 'Argentinian', '3', '33', '17');
insert into people (peopleID, first_name, last_name, email, gender, age, income, annual_emissions, phone, street, postal_code, race, industryID, countryID, cityID) values (150, 'Lacee', 'Dunphie', 'ldunphie45@tmall.com', 'Female', 12, '$48781.15', 9861.94, '873-837-1923', '18 Pepper Wood Terrace', null, 'Ute', '19', '25', '28');
insert into people (peopleID, first_name, last_name, email, gender, age, income, annual_emissions, phone, street, postal_code, race, industryID, countryID, cityID) values (151, 'Mersey', 'Powney', 'mpowney46@fc2.com', 'Genderqueer', 50, '$670442.64', 8117.2, '795-345-6845', '6405 Warbler Court', '11920-000', 'Cheyenne', '12', '20', '4');
insert into people (peopleID, first_name, last_name, email, gender, age, income, annual_emissions, phone, street, postal_code, race, industryID, countryID, cityID) values (152, 'Mina', 'Perle', 'mperle47@prnewswire.com', 'Female', 15, '$765146.52', 5039.13, '158-719-4524', '088 Debra Drive', null, 'Native Hawaiian and Other Pacific Islander (NHPI)', '18', '74', '12');
insert into people (peopleID, first_name, last_name, email, gender, age, income, annual_emissions, phone, street, postal_code, race, industryID, countryID, cityID) values (153, 'Lolly', 'Physic', 'lphysic48@mayoclinic.com', 'Female', 67, '$166735.24', 1135.78, '682-784-4542', '6 Aberg Drive', '3260-400', 'Blackfeet', '4', '43', '18');
insert into people (peopleID, first_name, last_name, email, gender, age, income, annual_emissions, phone, street, postal_code, race, industryID, countryID, cityID) values (154, 'Kaine', 'Barenski', 'kbarenski49@ocn.ne.jp', 'Polygender', 25, '$365035.65', 1197.1, '858-683-1267', '8030 Everett Junction', '28930-000', 'Japanese', '26', '9', '28');
insert into people (peopleID, first_name, last_name, email, gender, age, income, annual_emissions, phone, street, postal_code, race, industryID, countryID, cityID) values (155, 'Burton', 'Leathlay', 'bleathlay4a@globo.com', 'Male', 51, '$775735.96', 7612.21, '356-484-5248', '27 Spaight Crossing', null, 'Filipino', '11', '28', '11');
insert into people (peopleID, first_name, last_name, email, gender, age, income, annual_emissions, phone, street, postal_code, race, industryID, countryID, cityID) values (156, 'Murielle', 'Haldin', 'mhaldin4b@zdnet.com', 'Female', 87, '$442587.35', 4946.15, '335-276-8740', '0 Moulton Street', '445550', 'Korean', '25', '79', '14');
insert into people (peopleID, first_name, last_name, email, gender, age, income, annual_emissions, phone, street, postal_code, race, industryID, countryID, cityID) values (157, 'Doris', 'Keuntje', 'dkeuntje4c@feedburner.com', 'Female', 20, '$824665.59', 9024.83, '314-564-5139', '2961 Orin Street', null, 'Yaqui', '8', '18', '10');
insert into people (peopleID, first_name, last_name, email, gender, age, income, annual_emissions, phone, street, postal_code, race, industryID, countryID, cityID) values (158, 'Suzie', 'Clemendet', 'sclemendet4d@sciencedaily.com', 'Female', 69, '$453265.51', 8745.86, '389-305-7989', '4 Walton Crossing', '960-8141', 'Cherokee', '20', '10', '16');
insert into people (peopleID, first_name, last_name, email, gender, age, income, annual_emissions, phone, street, postal_code, race, industryID, countryID, cityID) values (159, 'Pooh', 'Grevile', 'pgrevile4e@princeton.edu', 'Female', 52, '$86563.69', 8848.26, '551-839-2533', '65120 7th Way', '39620-000', 'Cambodian', '22', '71', '8');
insert into people (peopleID, first_name, last_name, email, gender, age, income, annual_emissions, phone, street, postal_code, race, industryID, countryID, cityID) values (160, 'Ulla', 'Vidineev', 'uvidineev4f@xrea.com', 'Female', 93, '$801195.44', 1731.87, '765-412-3296', '83046 Cordelia Street', '3800-854', 'Asian', '13', '69', '15');
insert into people (peopleID, first_name, last_name, email, gender, age, income, annual_emissions, phone, street, postal_code, race, industryID, countryID, cityID) values (161, 'Vonnie', 'Bick', 'vbick4g@home.pl', 'Female', 43, '$800369.15', 3074.96, '239-382-1734', '543 Stephen Street', null, 'Delaware', '15', '63', '5');
insert into people (peopleID, first_name, last_name, email, gender, age, income, annual_emissions, phone, street, postal_code, race, industryID, countryID, cityID) values (162, 'Dolores', 'Toffoloni', 'dtoffoloni4h@chicagotribune.com', 'Female', 20, '$595483.22', 6367.26, '452-540-0699', '3023 Evergreen Avenue', '88400', 'Micronesian', '16', '17', '13');
insert into people (peopleID, first_name, last_name, email, gender, age, income, annual_emissions, phone, street, postal_code, race, industryID, countryID, cityID) values (163, 'Dwain', 'Rickhuss', 'drickhuss4i@mediafire.com', 'Male', 23, '$893608.77', 6622.64, '335-412-4253', '02635 Vernon Center', null, 'Comanche', '28', '11', '25');
insert into people (peopleID, first_name, last_name, email, gender, age, income, annual_emissions, phone, street, postal_code, race, industryID, countryID, cityID) values (164, 'Zedekiah', 'Ambroix', 'zambroix4j@lulu.com', 'Male', 78, '$221761.02', 6110.49, '955-579-2428', '6564 Sunbrook Drive', '11660-000', 'Menominee', '29', '67', '20');
insert into people (peopleID, first_name, last_name, email, gender, age, income, annual_emissions, phone, street, postal_code, race, industryID, countryID, cityID) values (165, 'Micki', 'Du Plantier', 'mduplantier4k@icq.com', 'Female', 9, '$974968.55', 4572.45, '174-582-3437', '2 Badeau Drive', '9959', 'Black or African American', '10', '13', '7');
insert into people (peopleID, first_name, last_name, email, gender, age, income, annual_emissions, phone, street, postal_code, race, industryID, countryID, cityID) values (166, 'Christophorus', 'Hallums', 'challums4l@nydailynews.com', 'Male', 56, '$52976.70', 3679.76, '897-273-4373', '527 Rowland Point', null, 'Korean', '23', '25', '17');
insert into people (peopleID, first_name, last_name, email, gender, age, income, annual_emissions, phone, street, postal_code, race, industryID, countryID, cityID) values (167, 'Brod', 'Ivimy', 'bivimy4m@mashable.com', 'Male', 96, '$279522.70', 9638.16, '166-988-0614', '03 Atwood Circle', '5208', 'Puerto Rican', '5', '70', '21');
insert into people (peopleID, first_name, last_name, email, gender, age, income, annual_emissions, phone, street, postal_code, race, industryID, countryID, cityID) values (168, 'Orran', 'O''Hederscoll', 'oohederscoll4n@typepad.com', 'Male', 18, '$769538.46', 3581.19, '452-887-9915', '8253 Red Cloud Pass', null, 'Chinese', '9', '24', '22');
insert into people (peopleID, first_name, last_name, email, gender, age, income, annual_emissions, phone, street, postal_code, race, industryID, countryID, cityID) values (169, 'Stefa', 'Beharrell', 'sbeharrell4o@nasa.gov', 'Female', 35, '$71562.92', 1799.01, '917-886-8165', '8 Sauthoff Lane', 'N5L', 'Asian Indian', '21', '45', '6');
insert into people (peopleID, first_name, last_name, email, gender, age, income, annual_emissions, phone, street, postal_code, race, industryID, countryID, cityID) values (170, 'Darcee', 'Mager', 'dmager4p@nationalgeographic.com', 'Female', 92, '$306632.29', 9220.23, '504-391-1704', '7936 Nobel Parkway', '70183', 'Apache', '3', '2', '24');
insert into people (peopleID, first_name, last_name, email, gender, age, income, annual_emissions, phone, street, postal_code, race, industryID, countryID, cityID) values (171, 'Camille', 'O''dell', 'codell4q@umich.edu', 'Female', 77, '$888143.89', 2088.32, '163-758-1894', '56 Brickson Park Way', null, 'Korean', '27', '48', '29');
insert into people (peopleID, first_name, last_name, email, gender, age, income, annual_emissions, phone, street, postal_code, race, industryID, countryID, cityID) values (172, 'Lilli', 'Lehr', 'llehr4r@biblegateway.com', 'Female', 62, '$633560.89', 6154.36, '979-634-0659', '14 Alpine Court', 'J5M', 'Potawatomi', '1', '69', '23');
insert into people (peopleID, first_name, last_name, email, gender, age, income, annual_emissions, phone, street, postal_code, race, industryID, countryID, cityID) values (173, 'Tab', 'Scamel', 'tscamel4s@google.com.hk', 'Male', 63, '$508950.78', 5936.83, '153-846-3493', '19 Nevada Place', null, 'Pakistani', '24', '4', '26');
insert into people (peopleID, first_name, last_name, email, gender, age, income, annual_emissions, phone, street, postal_code, race, industryID, countryID, cityID) values (174, 'Maynord', 'Skeemer', 'mskeemer4t@berkeley.edu', 'Male', 45, '$37109.68', 6845.42, '794-691-3532', '76 Hagan Terrace', null, 'Creek', '19', '44', '27');
insert into people (peopleID, first_name, last_name, email, gender, age, income, annual_emissions, phone, street, postal_code, race, industryID, countryID, cityID) values (175, 'Stefano', 'Moneti', 'smoneti4u@odnoklassniki.ru', 'Male', 89, '$270344.86', 9952.7, '393-849-7335', '6903 Iowa Crossing', 'J1K', 'Uruguayan', '7', '56', '19');
insert into people (peopleID, first_name, last_name, email, gender, age, income, annual_emissions, phone, street, postal_code, race, industryID, countryID, cityID) values (176, 'Abie', 'Dhillon', 'adhillon4v@163.com', 'Male', 32, '$879855.20', 9442.83, '485-416-3464', '6069 Sullivan Plaza', '671560', 'Korean', '30', '51', '9');
insert into people (peopleID, first_name, last_name, email, gender, age, income, annual_emissions, phone, street, postal_code, race, industryID, countryID, cityID) values (177, 'Walker', 'Conniam', 'wconniam4w@simplemachines.org', 'Male', 27, '$538417.34', 3558.15, '914-690-8453', '0237 Anzinger Circle', null, 'Pueblo', '17', '46', '2');
insert into people (peopleID, first_name, last_name, email, gender, age, income, annual_emissions, phone, street, postal_code, race, industryID, countryID, cityID) values (178, 'Ilene', 'Karpets', 'ikarpets4x@ameblo.jp', 'Female', 81, '$821014.46', 9177.52, '823-510-8773', '3536 Thompson Trail', '32-082', 'Laotian', '6', '21', '30');
insert into people (peopleID, first_name, last_name, email, gender, age, income, annual_emissions, phone, street, postal_code, race, industryID, countryID, cityID) values (179, 'Weider', 'Dayment', 'wdayment4y@seesaa.net', 'Male', 91, '$594391.41', 7559.97, '894-885-5897', '6 Helena Crossing', null, 'Costa Rican', '2', '9', '1');
insert into people (peopleID, first_name, last_name, email, gender, age, income, annual_emissions, phone, street, postal_code, race, industryID, countryID, cityID) values (180, 'Hercule', 'Taylerson', 'htaylerson4z@skype.com', 'Agender', 2, '$280554.90', 6429.88, '416-439-1321', '778 Talmadge Place', null, 'Chickasaw', '14', '73', '3');
insert into people (peopleID, first_name, last_name, email, gender, age, income, annual_emissions, phone, street, postal_code, race, industryID, countryID, cityID) values (181, 'Dorey', 'Duesberry', 'dduesberry50@ameblo.jp', 'Female', 96, '$887360.46', 7628.95, '706-958-1767', '94841 School Place', '2120-185', 'Shoshone', '8', '1', '22');
insert into people (peopleID, first_name, last_name, email, gender, age, income, annual_emissions, phone, street, postal_code, race, industryID, countryID, cityID) values (182, 'Ulrika', 'Clutton', 'uclutton51@guardian.co.uk', 'Female', 36, '$521576.13', 6061.95, '196-248-6445', '9859 Scott Junction', null, 'Tongan', '13', '19', '26');
insert into people (peopleID, first_name, last_name, email, gender, age, income, annual_emissions, phone, street, postal_code, race, industryID, countryID, cityID) values (183, 'Aubrette', 'MacMeeking', 'amacmeeking52@wunderground.com', 'Female', 29, '$676864.59', 2697.83, '320-492-5678', '971 Vermont Pass', '21900 CEDEX 9', 'Taiwanese', '27', '15', '14');
insert into people (peopleID, first_name, last_name, email, gender, age, income, annual_emissions, phone, street, postal_code, race, industryID, countryID, cityID) values (184, 'Artus', 'Bullivant', 'abullivant53@adobe.com', 'Male', 56, '$693714.56', 5096.32, '856-148-3210', '63 North Terrace', null, 'Colombian', '19', '59', '27');
insert into people (peopleID, first_name, last_name, email, gender, age, income, annual_emissions, phone, street, postal_code, race, industryID, countryID, cityID) values (185, 'Allie', 'Besque', 'abesque54@over-blog.com', 'Female', 70, '$907659.16', 1794.46, '563-317-3626', '45 Gale Lane', '3333', 'Micronesian', '22', '79', '1');
insert into people (peopleID, first_name, last_name, email, gender, age, income, annual_emissions, phone, street, postal_code, race, industryID, countryID, cityID) values (186, 'Aida', 'Coneybeer', 'aconeybeer55@chron.com', 'Female', 100, '$984625.81', 9882.27, '255-809-1529', '44 Stephen Hill', null, 'Eskimo', '12', '66', '25');
insert into people (peopleID, first_name, last_name, email, gender, age, income, annual_emissions, phone, street, postal_code, race, industryID, countryID, cityID) values (187, 'Bernetta', 'Nesfield', 'bnesfield56@alibaba.com', 'Female', 72, '$265592.98', 9260.73, '127-441-5365', '4 Moulton Plaza', null, 'Tlingit-Haida', '24', '20', '17');
insert into people (peopleID, first_name, last_name, email, gender, age, income, annual_emissions, phone, street, postal_code, race, industryID, countryID, cityID) values (188, 'Thorin', 'Tabart', 'ttabart57@biblegateway.com', 'Male', 35, '$385400.43', 5810.09, '302-480-0814', '00 Clarendon Parkway', null, 'Ecuadorian', '20', '58', '21');
insert into people (peopleID, first_name, last_name, email, gender, age, income, annual_emissions, phone, street, postal_code, race, industryID, countryID, cityID) values (189, 'Lu', 'Fyfe', 'lfyfe58@theatlantic.com', 'Female', 76, '$87405.70', 1261.36, '139-999-8367', '04 Walton Plaza', '7900-234', 'Pima', '9', '5', '30');
insert into people (peopleID, first_name, last_name, email, gender, age, income, annual_emissions, phone, street, postal_code, race, industryID, countryID, cityID) values (190, 'Karl', 'Bartzen', 'kbartzen59@ft.com', 'Male', 40, '$127052.52', 6282.25, '482-293-4594', '48 Northwestern Hill', '8550', 'Cheyenne', '16', '31', '10');
insert into people (peopleID, first_name, last_name, email, gender, age, income, annual_emissions, phone, street, postal_code, race, industryID, countryID, cityID) values (191, 'Desdemona', 'Koppen', 'dkoppen5a@cnet.com', 'Female', 83, '$173148.96', 9236.5, '882-508-0777', '482 Graedel Pass', null, 'Seminole', '7', '71', '7');
insert into people (peopleID, first_name, last_name, email, gender, age, income, annual_emissions, phone, street, postal_code, race, industryID, countryID, cityID) values (192, 'Susette', 'Cinderey', 'scinderey5b@amazon.co.jp', 'Female', 65, '$231189.46', 3920.7, '498-767-6409', '0 Jana Point', null, 'Panamanian', '30', '50', '3');
insert into people (peopleID, first_name, last_name, email, gender, age, income, annual_emissions, phone, street, postal_code, race, industryID, countryID, cityID) values (193, 'Daryn', 'Arblaster', 'darblaster5c@people.com.cn', 'Female', 39, '$787930.79', 5256.18, '605-908-3935', '79 Ilene Terrace', null, 'Asian', '3', '74', '20');
insert into people (peopleID, first_name, last_name, email, gender, age, income, annual_emissions, phone, street, postal_code, race, industryID, countryID, cityID) values (194, 'Lou', 'Jarlmann', 'ljarlmann5d@wikipedia.org', 'Male', 59, '$155174.29', 3382.42, '529-427-9175', '99754 Darwin Plaza', '67-120', 'Korean', '1', '43', '15');
insert into people (peopleID, first_name, last_name, email, gender, age, income, annual_emissions, phone, street, postal_code, race, industryID, countryID, cityID) values (195, 'Robyn', 'Medhurst', 'rmedhurst5e@nba.com', 'Female', 3, '$901545.56', 1104.51, '776-442-2762', '493 Hollow Ridge Plaza', null, 'Comanche', '29', '42', '8');
insert into people (peopleID, first_name, last_name, email, gender, age, income, annual_emissions, phone, street, postal_code, race, industryID, countryID, cityID) values (196, 'Vincents', 'Tembridge', 'vtembridge5f@ovh.net', 'Male', 62, '$353872.00', 2467.26, '649-169-1766', '91 Thompson Way', null, 'Laotian', '15', '54', '11');
insert into people (peopleID, first_name, last_name, email, gender, age, income, annual_emissions, phone, street, postal_code, race, industryID, countryID, cityID) values (197, 'Storm', 'Manford', 'smanford5g@joomla.org', 'Female', 16, '$998603.70', 6042.69, '398-392-4334', '3541 Vidon Park', '47-451', 'Sri Lankan', '14', '65', '23');
insert into people (peopleID, first_name, last_name, email, gender, age, income, annual_emissions, phone, street, postal_code, race, industryID, countryID, cityID) values (198, 'Gilbertine', 'De la Barre', 'gdelabarre5h@yahoo.co.jp', 'Female', 36, '$49425.23', 9235.07, '990-204-0027', '840 Dottie Hill', '839-1301', 'Japanese', '28', '62', '18');
insert into people (peopleID, first_name, last_name, email, gender, age, income, annual_emissions, phone, street, postal_code, race, industryID, countryID, cityID) values (199, 'Olivia', 'McIlreavy', 'omcilreavy5i@java.com', 'Female', 71, '$546723.77', 9097.79, '841-788-6480', '23 Meadow Ridge Junction', '88790-000', 'Colombian', '6', '26', '12');
insert into people (peopleID, first_name, last_name, email, gender, age, income, annual_emissions, phone, street, postal_code, race, industryID, countryID, cityID) values (200, 'Fedora', 'Barbie', 'fbarbie5j@fda.gov', 'Female', 41, '$729482.53', 2452.39, '929-450-2676', '50041 Dahle Place', null, 'Salvadoran', '2', '12', '2');


insert into energy (energyID, energy_type, cost_per_watt) values (1, 'nulla', 26);
insert into energy (energyID, energy_type, cost_per_watt) values (2, 'maecenas', 35);
insert into energy (energyID, energy_type, cost_per_watt) values (3, 'ipsum', 91);
insert into energy (energyID, energy_type, cost_per_watt) values (4, 'est', 65);
insert into energy (energyID, energy_type, cost_per_watt) values (5, 'sed', 14);
insert into energy (energyID, energy_type, cost_per_watt) values (6, 'augue', 49);
insert into energy (energyID, energy_type, cost_per_watt) values (7, 'felis', 59);
insert into energy (energyID, energy_type, cost_per_watt) values (8, 'vel', 41);
insert into energy (energyID, energy_type, cost_per_watt) values (9, 'turpis', 81);
insert into energy (energyID, energy_type, cost_per_watt) values (10, 'magna', 59);
insert into energy (energyID, energy_type, cost_per_watt) values (11, 'nunc', 31);
insert into energy (energyID, energy_type, cost_per_watt) values (12, 'justo', 70);
insert into energy (energyID, energy_type, cost_per_watt) values (13, 'nisl', 49);
insert into energy (energyID, energy_type, cost_per_watt) values (14, 'convallis', 37);
insert into energy (energyID, energy_type, cost_per_watt) values (15, 'pede', 59);
insert into energy (energyID, energy_type, cost_per_watt) values (16, 'quisque', 48);
insert into energy (energyID, energy_type, cost_per_watt) values (17, 'eu', 67);
insert into energy (energyID, energy_type, cost_per_watt) values (18, 'nulla', 94);
insert into energy (energyID, energy_type, cost_per_watt) values (19, 'pulvinar', 66);
insert into energy (energyID, energy_type, cost_per_watt) values (20, 'cubilia', 87);
insert into energy (energyID, energy_type, cost_per_watt) values (21, 'ac', 56);
insert into energy (energyID, energy_type, cost_per_watt) values (22, 'elementum', 91);
insert into energy (energyID, energy_type, cost_per_watt) values (23, 'in', 100);
insert into energy (energyID, energy_type, cost_per_watt) values (24, 'quam', 63);
insert into energy (energyID, energy_type, cost_per_watt) values (25, 'et', 74);
insert into energy (energyID, energy_type, cost_per_watt) values (26, 'vestibulum', 45);
insert into energy (energyID, energy_type, cost_per_watt) values (27, 'posuere', 68);
insert into energy (energyID, energy_type, cost_per_watt) values (28, 'pede', 33);
insert into energy (energyID, energy_type, cost_per_watt) values (29, 'mauris', 91);
insert into energy (energyID, energy_type, cost_per_watt) values (30, 'bibendum', 76);
insert into energy (energyID, energy_type, cost_per_watt) values (31, 'et', 48);
insert into energy (energyID, energy_type, cost_per_watt) values (32, 'cras', 40);
insert into energy (energyID, energy_type, cost_per_watt) values (33, 'nisl', 72);
insert into energy (energyID, energy_type, cost_per_watt) values (34, 'posuere', 50);
insert into energy (energyID, energy_type, cost_per_watt) values (35, 'sapien', 83);
insert into energy (energyID, energy_type, cost_per_watt) values (36, 'donec', 97);
insert into energy (energyID, energy_type, cost_per_watt) values (37, 'mus', 19);
insert into energy (energyID, energy_type, cost_per_watt) values (38, 'molestie', 58);
insert into energy (energyID, energy_type, cost_per_watt) values (39, 'suspendisse', 71);
insert into energy (energyID, energy_type, cost_per_watt) values (40, 'magna', 15);
insert into energy (energyID, energy_type, cost_per_watt) values (41, 'leo', 24);
insert into energy (energyID, energy_type, cost_per_watt) values (42, 'vestibulum', 12);
insert into energy (energyID, energy_type, cost_per_watt) values (43, 'curae', 81);
insert into energy (energyID, energy_type, cost_per_watt) values (44, 'dui', 98);
insert into energy (energyID, energy_type, cost_per_watt) values (45, 'id', 66);
insert into energy (energyID, energy_type, cost_per_watt) values (46, 'adipiscing', 53);
insert into energy (energyID, energy_type, cost_per_watt) values (47, 'rutrum', 21);
insert into energy (energyID, energy_type, cost_per_watt) values (48, 'sapien', 39);
insert into energy (energyID, energy_type, cost_per_watt) values (49, 'magnis', 73);
insert into energy (energyID, energy_type, cost_per_watt) values (50, 'iaculis', 25);
insert into energy (energyID, energy_type, cost_per_watt) values (51, 'malesuada', 49);
insert into energy (energyID, energy_type, cost_per_watt) values (52, 'consectetuer', 86);
insert into energy (energyID, energy_type, cost_per_watt) values (53, 'morbi', 31);
insert into energy (energyID, energy_type, cost_per_watt) values (54, 'odio', 92);
insert into energy (energyID, energy_type, cost_per_watt) values (55, 'adipiscing', 99);
insert into energy (energyID, energy_type, cost_per_watt) values (56, 'consequat', 88);
insert into energy (energyID, energy_type, cost_per_watt) values (57, 'nisi', 13);
insert into energy (energyID, energy_type, cost_per_watt) values (58, 'phasellus', 30);
insert into energy (energyID, energy_type, cost_per_watt) values (59, 'posuere', 77);
insert into energy (energyID, energy_type, cost_per_watt) values (60, 'semper', 13);
insert into energy (energyID, energy_type, cost_per_watt) values (61, 'habitasse', 31);
insert into energy (energyID, energy_type, cost_per_watt) values (62, 'primis', 91);
insert into energy (energyID, energy_type, cost_per_watt) values (63, 'cubilia', 54);
insert into energy (energyID, energy_type, cost_per_watt) values (64, 'ornare', 33);
insert into energy (energyID, energy_type, cost_per_watt) values (65, 'elementum', 13);
insert into energy (energyID, energy_type, cost_per_watt) values (66, 'duis', 45);
insert into energy (energyID, energy_type, cost_per_watt) values (67, 'est', 65);
insert into energy (energyID, energy_type, cost_per_watt) values (68, 'nulla', 81);
insert into energy (energyID, energy_type, cost_per_watt) values (69, 'duis', 79);
insert into energy (energyID, energy_type, cost_per_watt) values (70, 'congue', 68);
insert into energy (energyID, energy_type, cost_per_watt) values (71, 'eu', 54);
insert into energy (energyID, energy_type, cost_per_watt) values (72, 'mauris', 13);
insert into energy (energyID, energy_type, cost_per_watt) values (73, 'velit', 96);
insert into energy (energyID, energy_type, cost_per_watt) values (74, 'velit', 63);
insert into energy (energyID, energy_type, cost_per_watt) values (75, 'non', 47);
insert into energy (energyID, energy_type, cost_per_watt) values (76, 'aliquet', 72);
insert into energy (energyID, energy_type, cost_per_watt) values (77, 'lobortis', 17);
insert into energy (energyID, energy_type, cost_per_watt) values (78, 'ipsum', 29);
insert into energy (energyID, energy_type, cost_per_watt) values (79, 'velit', 75);
insert into energy (energyID, energy_type, cost_per_watt) values (80, 'lacus', 22);

insert into resource (resourceID, resource_name, energyID) values (1, 'sollicitudin', '28');
insert into resource (resourceID, resource_name, energyID) values (2, 'erat', '16');
insert into resource (resourceID, resource_name, energyID) values (3, 'mattis', '40');
insert into resource (resourceID, resource_name, energyID) values (4, 'curae', '52');
insert into resource (resourceID, resource_name, energyID) values (5, 'rutrum', '59');
insert into resource (resourceID, resource_name, energyID) values (6, 'luctus', '74');
insert into resource (resourceID, resource_name, energyID) values (7, 'vel', '58');
insert into resource (resourceID, resource_name, energyID) values (8, 'id', '21');
insert into resource (resourceID, resource_name, energyID) values (9, 'ullamcorper', '33');
insert into resource (resourceID, resource_name, energyID) values (10, 'tellus', '5');
insert into resource (resourceID, resource_name, energyID) values (11, 'pulvinar', '24');
insert into resource (resourceID, resource_name, energyID) values (12, 'non', '64');
insert into resource (resourceID, resource_name, energyID) values (13, 'varius', '10');
insert into resource (resourceID, resource_name, energyID) values (14, 'posuere', '60');
insert into resource (resourceID, resource_name, energyID) values (15, 'in', '30');
insert into resource (resourceID, resource_name, energyID) values (16, 'penatibus', '78');
insert into resource (resourceID, resource_name, energyID) values (17, 'pretium', '46');
insert into resource (resourceID, resource_name, energyID) values (18, 'varius', '47');
insert into resource (resourceID, resource_name, energyID) values (19, 'ipsum', '3');
insert into resource (resourceID, resource_name, energyID) values (20, 'elementum', '54');

insert into radiative_forcing (rf_cityID, co2, other_GHG, ozone, ARI, surface_albedo, contrails, SWCH4, solar_irradiance, trend_year) values (1, 52.69, 45.27, 51.89, 74.96, 10.79, 76.33, 78.54, 46.91, '19');
insert into radiative_forcing (rf_cityID, co2, other_GHG, ozone, ARI, surface_albedo, contrails, SWCH4, solar_irradiance, trend_year) values (2, 94.02, 38.7, 80.36, 51.34, 10.82, 94.44, 20.98, 76.03, '48');
insert into radiative_forcing (rf_cityID, co2, other_GHG, ozone, ARI, surface_albedo, contrails, SWCH4, solar_irradiance, trend_year) values (3, 22.01, 62.42, 10.72, 73.18, 20.25, 70.97, 17.04, 43.37, '39');
insert into radiative_forcing (rf_cityID, co2, other_GHG, ozone, ARI, surface_albedo, contrails, SWCH4, solar_irradiance, trend_year) values (4, 13.3, 57.97, 51.48, 42.63, 12.21, 52.42, 34.87, 80.06, '2');
insert into radiative_forcing (rf_cityID, co2, other_GHG, ozone, ARI, surface_albedo, contrails, SWCH4, solar_irradiance, trend_year) values (5, 78.05, 92.87, 2.83, 63.76, 55.73, 60.8, 34.57, 25.84, '3');
insert into radiative_forcing (rf_cityID, co2, other_GHG, ozone, ARI, surface_albedo, contrails, SWCH4, solar_irradiance, trend_year) values (6, 68.88, 67.75, 13.19, 49.81, 70.49, 42.05, 71.36, 36.8, '59');
insert into radiative_forcing (rf_cityID, co2, other_GHG, ozone, ARI, surface_albedo, contrails, SWCH4, solar_irradiance, trend_year) values (7, 46.27, 48.26, 17.94, 6.52, 77.0, 79.52, 5.17, 87.22, '18');
insert into radiative_forcing (rf_cityID, co2, other_GHG, ozone, ARI, surface_albedo, contrails, SWCH4, solar_irradiance, trend_year) values (8, 73.03, 71.55, 58.48, 85.63, 48.44, 18.7, 97.08, 4.91, '58');
insert into radiative_forcing (rf_cityID, co2, other_GHG, ozone, ARI, surface_albedo, contrails, SWCH4, solar_irradiance, trend_year) values (9, 48.61, 71.6, 42.16, 97.51, 88.16, 38.93, 83.77, 8.72, '7');
insert into radiative_forcing (rf_cityID, co2, other_GHG, ozone, ARI, surface_albedo, contrails, SWCH4, solar_irradiance, trend_year) values (10, 11.55, 33.03, 85.32, 6.22, 22.48, 52.02, 33.3, 49.13, '24');
insert into radiative_forcing (rf_cityID, co2, other_GHG, ozone, ARI, surface_albedo, contrails, SWCH4, solar_irradiance, trend_year) values (11, 49.89, 70.86, 45.94, 96.19, 58.19, 45.83, 47.04, 68.99, '13');
insert into radiative_forcing (rf_cityID, co2, other_GHG, ozone, ARI, surface_albedo, contrails, SWCH4, solar_irradiance, trend_year) values (12, 85.29, 33.66, 1.94, 82.55, 42.83, 21.32, 57.38, 6.21, '40');
insert into radiative_forcing (rf_cityID, co2, other_GHG, ozone, ARI, surface_albedo, contrails, SWCH4, solar_irradiance, trend_year) values (13, 84.09, 60.06, 42.39, 89.81, 55.42, 82.67, 69.83, 18.73, '14');
insert into radiative_forcing (rf_cityID, co2, other_GHG, ozone, ARI, surface_albedo, contrails, SWCH4, solar_irradiance, trend_year) values (14, 14.23, 7.92, 98.16, 46.56, 98.37, 27.53, 71.6, 60.85, '60');
insert into radiative_forcing (rf_cityID, co2, other_GHG, ozone, ARI, surface_albedo, contrails, SWCH4, solar_irradiance, trend_year) values (15, 41.93, 47.88, 68.5, 14.15, 21.68, 87.83, 77.39, 47.91, '33');
insert into radiative_forcing (rf_cityID, co2, other_GHG, ozone, ARI, surface_albedo, contrails, SWCH4, solar_irradiance, trend_year) values (16, 49.88, 79.07, 86.86, 1.88, 50.16, 80.24, 79.8, 26.15, '30');
insert into radiative_forcing (rf_cityID, co2, other_GHG, ozone, ARI, surface_albedo, contrails, SWCH4, solar_irradiance, trend_year) values (17, 61.69, 74.63, 37.2, 38.36, 71.25, 99.73, 39.24, 9.82, '69');
insert into radiative_forcing (rf_cityID, co2, other_GHG, ozone, ARI, surface_albedo, contrails, SWCH4, solar_irradiance, trend_year) values (18, 25.11, 16.13, 66.42, 1.53, 13.06, 58.54, 86.35, 45.31, '17');
insert into radiative_forcing (rf_cityID, co2, other_GHG, ozone, ARI, surface_albedo, contrails, SWCH4, solar_irradiance, trend_year) values (19, 52.83, 42.1, 60.74, 90.96, 37.93, 42.24, 15.17, 26.26, '4');
insert into radiative_forcing (rf_cityID, co2, other_GHG, ozone, ARI, surface_albedo, contrails, SWCH4, solar_irradiance, trend_year) values (20, 58.87, 54.95, 69.29, 16.63, 42.44, 8.34, 67.8, 90.09, '36');
insert into radiative_forcing (rf_cityID, co2, other_GHG, ozone, ARI, surface_albedo, contrails, SWCH4, solar_irradiance, trend_year) values (21, 84.91, 35.68, 55.81, 27.06, 32.5, 25.02, 99.83, 84.26, '52');
insert into radiative_forcing (rf_cityID, co2, other_GHG, ozone, ARI, surface_albedo, contrails, SWCH4, solar_irradiance, trend_year) values (22, 88.72, 38.81, 39.31, 8.12, 88.92, 79.48, 75.24, 10.67, '75');
insert into radiative_forcing (rf_cityID, co2, other_GHG, ozone, ARI, surface_albedo, contrails, SWCH4, solar_irradiance, trend_year) values (23, 89.78, 96.23, 49.44, 62.37, 47.23, 42.8, 17.92, 9.22, '78');
insert into radiative_forcing (rf_cityID, co2, other_GHG, ozone, ARI, surface_albedo, contrails, SWCH4, solar_irradiance, trend_year) values (24, 10.47, 58.43, 68.24, 61.96, 91.13, 63.86, 73.82, 8.01, '28');
insert into radiative_forcing (rf_cityID, co2, other_GHG, ozone, ARI, surface_albedo, contrails, SWCH4, solar_irradiance, trend_year) values (25, 81.16, 16.97, 48.33, 90.07, 57.2, 31.73, 54.22, 46.41, '31');
insert into radiative_forcing (rf_cityID, co2, other_GHG, ozone, ARI, surface_albedo, contrails, SWCH4, solar_irradiance, trend_year) values (26, 25.41, 31.63, 17.74, 53.32, 93.29, 82.25, 50.45, 3.46, '23');
insert into radiative_forcing (rf_cityID, co2, other_GHG, ozone, ARI, surface_albedo, contrails, SWCH4, solar_irradiance, trend_year) values (27, 67.79, 94.89, 77.41, 1.49, 96.64, 80.85, 91.8, 30.01, '57');
insert into radiative_forcing (rf_cityID, co2, other_GHG, ozone, ARI, surface_albedo, contrails, SWCH4, solar_irradiance, trend_year) values (28, 80.41, 77.42, 71.66, 58.73, 74.81, 71.47, 84.44, 36.73, '38');
insert into radiative_forcing (rf_cityID, co2, other_GHG, ozone, ARI, surface_albedo, contrails, SWCH4, solar_irradiance, trend_year) values (29, 41.46, 11.52, 61.86, 33.53, 45.92, 64.34, 82.4, 56.91, '53');
insert into radiative_forcing (rf_cityID, co2, other_GHG, ozone, ARI, surface_albedo, contrails, SWCH4, solar_irradiance, trend_year) values (30, 10.57, 74.4, 88.6, 42.66, 4.48, 75.9, 74.28, 67.44, '45');
insert into radiative_forcing (rf_cityID, co2, other_GHG, ozone, ARI, surface_albedo, contrails, SWCH4, solar_irradiance, trend_year) values (31, 22.49, 87.65, 65.41, 60.98, 18.48, 87.63, 40.1, 18.44, '77');
insert into radiative_forcing (rf_cityID, co2, other_GHG, ozone, ARI, surface_albedo, contrails, SWCH4, solar_irradiance, trend_year) values (32, 62.21, 41.73, 16.77, 21.94, 97.19, 49.14, 59.67, 3.39, '51');
insert into radiative_forcing (rf_cityID, co2, other_GHG, ozone, ARI, surface_albedo, contrails, SWCH4, solar_irradiance, trend_year) values (33, 63.1, 4.35, 38.25, 35.42, 72.08, 82.76, 52.25, 89.7, '68');
insert into radiative_forcing (rf_cityID, co2, other_GHG, ozone, ARI, surface_albedo, contrails, SWCH4, solar_irradiance, trend_year) values (34, 26.81, 16.03, 17.34, 43.82, 23.74, 97.12, 90.53, 94.71, '63');
insert into radiative_forcing (rf_cityID, co2, other_GHG, ozone, ARI, surface_albedo, contrails, SWCH4, solar_irradiance, trend_year) values (35, 30.65, 50.98, 28.07, 10.23, 84.98, 98.33, 82.39, 69.02, '70');
insert into radiative_forcing (rf_cityID, co2, other_GHG, ozone, ARI, surface_albedo, contrails, SWCH4, solar_irradiance, trend_year) values (36, 83.05, 49.55, 94.02, 62.72, 60.97, 30.56, 73.14, 90.79, '47');
insert into radiative_forcing (rf_cityID, co2, other_GHG, ozone, ARI, surface_albedo, contrails, SWCH4, solar_irradiance, trend_year) values (37, 53.37, 18.17, 39.48, 89.0, 65.59, 11.93, 36.2, 64.49, '65');
insert into radiative_forcing (rf_cityID, co2, other_GHG, ozone, ARI, surface_albedo, contrails, SWCH4, solar_irradiance, trend_year) values (38, 72.83, 67.58, 81.69, 97.65, 58.41, 89.49, 95.54, 88.64, '32');
insert into radiative_forcing (rf_cityID, co2, other_GHG, ozone, ARI, surface_albedo, contrails, SWCH4, solar_irradiance, trend_year) values (39, 42.04, 68.13, 49.12, 3.41, 54.92, 31.5, 3.15, 32.28, '37');
insert into radiative_forcing (rf_cityID, co2, other_GHG, ozone, ARI, surface_albedo, contrails, SWCH4, solar_irradiance, trend_year) values (40, 20.72, 57.76, 50.8, 18.13, 63.76, 45.21, 66.56, 28.31, '56');
insert into radiative_forcing (rf_cityID, co2, other_GHG, ozone, ARI, surface_albedo, contrails, SWCH4, solar_irradiance, trend_year) values (41, 97.68, 73.05, 73.57, 7.77, 32.66, 98.36, 21.82, 76.89, '43');
insert into radiative_forcing (rf_cityID, co2, other_GHG, ozone, ARI, surface_albedo, contrails, SWCH4, solar_irradiance, trend_year) values (42, 68.31, 64.16, 17.64, 17.41, 80.49, 19.94, 72.01, 11.84, '62');
insert into radiative_forcing (rf_cityID, co2, other_GHG, ozone, ARI, surface_albedo, contrails, SWCH4, solar_irradiance, trend_year) values (43, 54.6, 76.24, 38.3, 18.81, 8.74, 59.38, 97.23, 86.78, '71');
insert into radiative_forcing (rf_cityID, co2, other_GHG, ozone, ARI, surface_albedo, contrails, SWCH4, solar_irradiance, trend_year) values (44, 63.38, 19.09, 32.59, 52.27, 55.0, 5.7, 21.12, 75.28, '26');
insert into radiative_forcing (rf_cityID, co2, other_GHG, ozone, ARI, surface_albedo, contrails, SWCH4, solar_irradiance, trend_year) values (45, 52.42, 16.65, 25.2, 83.84, 39.78, 19.68, 90.18, 54.64, '41');
insert into radiative_forcing (rf_cityID, co2, other_GHG, ozone, ARI, surface_albedo, contrails, SWCH4, solar_irradiance, trend_year) values (46, 15.76, 77.21, 59.2, 57.92, 72.34, 87.24, 52.06, 30.39, '61');
insert into radiative_forcing (rf_cityID, co2, other_GHG, ozone, ARI, surface_albedo, contrails, SWCH4, solar_irradiance, trend_year) values (47, 15.87, 16.44, 43.2, 81.16, 92.48, 99.45, 87.56, 52.78, '5');
insert into radiative_forcing (rf_cityID, co2, other_GHG, ozone, ARI, surface_albedo, contrails, SWCH4, solar_irradiance, trend_year) values (48, 58.8, 51.43, 83.19, 24.01, 39.09, 28.09, 77.49, 36.77, '80');
insert into radiative_forcing (rf_cityID, co2, other_GHG, ozone, ARI, surface_albedo, contrails, SWCH4, solar_irradiance, trend_year) values (49, 62.61, 7.21, 8.56, 80.39, 19.3, 60.33, 65.37, 6.86, '21');
insert into radiative_forcing (rf_cityID, co2, other_GHG, ozone, ARI, surface_albedo, contrails, SWCH4, solar_irradiance, trend_year) values (50, 7.28, 95.13, 1.23, 50.51, 78.52, 61.89, 18.89, 56.31, '64');
insert into radiative_forcing (rf_cityID, co2, other_GHG, ozone, ARI, surface_albedo, contrails, SWCH4, solar_irradiance, trend_year) values (51, 85.63, 51.43, 55.98, 13.68, 7.75, 55.42, 48.45, 56.32, '22');
insert into radiative_forcing (rf_cityID, co2, other_GHG, ozone, ARI, surface_albedo, contrails, SWCH4, solar_irradiance, trend_year) values (52, 97.77, 66.32, 59.35, 10.94, 23.68, 72.91, 69.01, 98.26, '72');
insert into radiative_forcing (rf_cityID, co2, other_GHG, ozone, ARI, surface_albedo, contrails, SWCH4, solar_irradiance, trend_year) values (53, 16.93, 65.27, 1.55, 58.67, 46.44, 37.94, 10.53, 24.82, '74');
insert into radiative_forcing (rf_cityID, co2, other_GHG, ozone, ARI, surface_albedo, contrails, SWCH4, solar_irradiance, trend_year) values (54, 55.8, 39.44, 13.31, 3.77, 31.94, 76.71, 5.46, 22.63, '79');
insert into radiative_forcing (rf_cityID, co2, other_GHG, ozone, ARI, surface_albedo, contrails, SWCH4, solar_irradiance, trend_year) values (55, 35.7, 4.31, 74.61, 14.76, 69.02, 68.37, 32.42, 39.55, '8');
insert into radiative_forcing (rf_cityID, co2, other_GHG, ozone, ARI, surface_albedo, contrails, SWCH4, solar_irradiance, trend_year) values (56, 91.26, 75.89, 99.07, 61.74, 73.44, 83.72, 92.82, 78.7, '46');
insert into radiative_forcing (rf_cityID, co2, other_GHG, ozone, ARI, surface_albedo, contrails, SWCH4, solar_irradiance, trend_year) values (57, 3.26, 4.54, 75.25, 82.02, 90.91, 66.8, 81.28, 44.91, '35');
insert into radiative_forcing (rf_cityID, co2, other_GHG, ozone, ARI, surface_albedo, contrails, SWCH4, solar_irradiance, trend_year) values (58, 81.67, 11.74, 85.86, 95.41, 94.77, 87.81, 98.24, 3.31, '55');
insert into radiative_forcing (rf_cityID, co2, other_GHG, ozone, ARI, surface_albedo, contrails, SWCH4, solar_irradiance, trend_year) values (59, 90.45, 22.99, 97.01, 88.15, 44.13, 5.25, 28.31, 51.61, '15');
insert into radiative_forcing (rf_cityID, co2, other_GHG, ozone, ARI, surface_albedo, contrails, SWCH4, solar_irradiance, trend_year) values (60, 91.97, 23.63, 68.83, 75.83, 65.43, 1.79, 2.59, 89.19, '66');
insert into radiative_forcing (rf_cityID, co2, other_GHG, ozone, ARI, surface_albedo, contrails, SWCH4, solar_irradiance, trend_year) values (61, 83.2, 49.84, 13.39, 49.12, 88.1, 48.15, 44.78, 24.69, '12');
insert into radiative_forcing (rf_cityID, co2, other_GHG, ozone, ARI, surface_albedo, contrails, SWCH4, solar_irradiance, trend_year) values (62, 24.79, 12.8, 77.94, 46.29, 53.87, 6.05, 90.53, 91.72, '49');
insert into radiative_forcing (rf_cityID, co2, other_GHG, ozone, ARI, surface_albedo, contrails, SWCH4, solar_irradiance, trend_year) values (63, 11.48, 77.24, 64.4, 26.92, 5.04, 44.88, 91.69, 30.13, '25');
insert into radiative_forcing (rf_cityID, co2, other_GHG, ozone, ARI, surface_albedo, contrails, SWCH4, solar_irradiance, trend_year) values (64, 86.45, 21.65, 16.35, 33.29, 31.36, 68.06, 100.0, 7.55, '73');
insert into radiative_forcing (rf_cityID, co2, other_GHG, ozone, ARI, surface_albedo, contrails, SWCH4, solar_irradiance, trend_year) values (65, 95.85, 74.87, 71.87, 93.0, 98.74, 91.25, 8.81, 55.44, '10');
insert into radiative_forcing (rf_cityID, co2, other_GHG, ozone, ARI, surface_albedo, contrails, SWCH4, solar_irradiance, trend_year) values (66, 95.42, 92.17, 33.33, 78.18, 5.33, 36.32, 7.77, 90.04, '16');
insert into radiative_forcing (rf_cityID, co2, other_GHG, ozone, ARI, surface_albedo, contrails, SWCH4, solar_irradiance, trend_year) values (67, 43.72, 69.98, 33.37, 86.56, 46.56, 16.77, 7.63, 46.44, '50');
insert into radiative_forcing (rf_cityID, co2, other_GHG, ozone, ARI, surface_albedo, contrails, SWCH4, solar_irradiance, trend_year) values (68, 27.4, 39.6, 46.89, 70.13, 27.03, 86.11, 27.88, 40.74, '6');
insert into radiative_forcing (rf_cityID, co2, other_GHG, ozone, ARI, surface_albedo, contrails, SWCH4, solar_irradiance, trend_year) values (69, 44.19, 46.27, 37.43, 19.17, 50.6, 53.36, 41.32, 45.65, '20');
insert into radiative_forcing (rf_cityID, co2, other_GHG, ozone, ARI, surface_albedo, contrails, SWCH4, solar_irradiance, trend_year) values (70, 37.19, 25.38, 89.97, 16.73, 10.6, 75.87, 30.7, 99.39, '11');
insert into radiative_forcing (rf_cityID, co2, other_GHG, ozone, ARI, surface_albedo, contrails, SWCH4, solar_irradiance, trend_year) values (71, 38.17, 11.47, 85.1, 31.1, 58.36, 41.11, 20.63, 29.7, '67');
insert into radiative_forcing (rf_cityID, co2, other_GHG, ozone, ARI, surface_albedo, contrails, SWCH4, solar_irradiance, trend_year) values (72, 1.01, 70.63, 64.97, 26.08, 70.76, 39.74, 65.9, 37.28, '76');
insert into radiative_forcing (rf_cityID, co2, other_GHG, ozone, ARI, surface_albedo, contrails, SWCH4, solar_irradiance, trend_year) values (73, 59.57, 20.68, 34.17, 61.62, 33.67, 46.21, 5.26, 78.81, '44');
insert into radiative_forcing (rf_cityID, co2, other_GHG, ozone, ARI, surface_albedo, contrails, SWCH4, solar_irradiance, trend_year) values (74, 63.54, 34.4, 68.87, 84.52, 95.18, 21.71, 44.71, 30.05, '27');
insert into radiative_forcing (rf_cityID, co2, other_GHG, ozone, ARI, surface_albedo, contrails, SWCH4, solar_irradiance, trend_year) values (75, 48.8, 26.64, 81.4, 26.72, 18.86, 38.81, 19.04, 22.54, '34');
insert into radiative_forcing (rf_cityID, co2, other_GHG, ozone, ARI, surface_albedo, contrails, SWCH4, solar_irradiance, trend_year) values (76, 92.57, 34.59, 16.79, 73.72, 9.63, 91.95, 14.37, 23.25, '9');
insert into radiative_forcing (rf_cityID, co2, other_GHG, ozone, ARI, surface_albedo, contrails, SWCH4, solar_irradiance, trend_year) values (77, 30.7, 72.28, 95.74, 39.64, 72.72, 33.16, 76.91, 28.68, '42');
insert into radiative_forcing (rf_cityID, co2, other_GHG, ozone, ARI, surface_albedo, contrails, SWCH4, solar_irradiance, trend_year) values (78, 98.99, 69.33, 57.74, 43.2, 46.8, 9.69, 45.44, 63.77, '29');
insert into radiative_forcing (rf_cityID, co2, other_GHG, ozone, ARI, surface_albedo, contrails, SWCH4, solar_irradiance, trend_year) values (79, 25.19, 79.07, 3.07, 23.82, 29.67, 32.91, 43.13, 21.08, '1');
insert into radiative_forcing (rf_cityID, co2, other_GHG, ozone, ARI, surface_albedo, contrails, SWCH4, solar_irradiance, trend_year) values (80, 61.39, 91.88, 80.82, 97.66, 37.25, 64.61, 43.43, 58.6, '66');

insert into adaptation_techniques (adaptationID, adaptation_technique, est_lives_saved_per_dollar, est_dollars_saved_per_dollar) values (1, 'augue', 32, 99);
insert into adaptation_techniques (adaptationID, adaptation_technique, est_lives_saved_per_dollar, est_dollars_saved_per_dollar) values (2, 'nunc', 47, 83);
insert into adaptation_techniques (adaptationID, adaptation_technique, est_lives_saved_per_dollar, est_dollars_saved_per_dollar) values (3, 'at', 43, 28);
insert into adaptation_techniques (adaptationID, adaptation_technique, est_lives_saved_per_dollar, est_dollars_saved_per_dollar) values (4, 'amet', 37, 45);
insert into adaptation_techniques (adaptationID, adaptation_technique, est_lives_saved_per_dollar, est_dollars_saved_per_dollar) values (5, 'a', 50, 94);
insert into adaptation_techniques (adaptationID, adaptation_technique, est_lives_saved_per_dollar, est_dollars_saved_per_dollar) values (6, 'ultrices', 19, 92);
insert into adaptation_techniques (adaptationID, adaptation_technique, est_lives_saved_per_dollar, est_dollars_saved_per_dollar) values (7, 'curabitur', 41, 46);
insert into adaptation_techniques (adaptationID, adaptation_technique, est_lives_saved_per_dollar, est_dollars_saved_per_dollar) values (8, 'aliquet', 37, 55);
insert into adaptation_techniques (adaptationID, adaptation_technique, est_lives_saved_per_dollar, est_dollars_saved_per_dollar) values (9, 'id', 21, 97);
insert into adaptation_techniques (adaptationID, adaptation_technique, est_lives_saved_per_dollar, est_dollars_saved_per_dollar) values (10, 'commodo', 36, 42);
insert into adaptation_techniques (adaptationID, adaptation_technique, est_lives_saved_per_dollar, est_dollars_saved_per_dollar) values (11, 'aenean', 28, 43);
insert into adaptation_techniques (adaptationID, adaptation_technique, est_lives_saved_per_dollar, est_dollars_saved_per_dollar) values (12, 'justo', 34, 60);
insert into adaptation_techniques (adaptationID, adaptation_technique, est_lives_saved_per_dollar, est_dollars_saved_per_dollar) values (13, 'sapien', 50, 57);
insert into adaptation_techniques (adaptationID, adaptation_technique, est_lives_saved_per_dollar, est_dollars_saved_per_dollar) values (14, 'nisl', 17, 39);
insert into adaptation_techniques (adaptationID, adaptation_technique, est_lives_saved_per_dollar, est_dollars_saved_per_dollar) values (15, 'etiam', 24, 67);
insert into adaptation_techniques (adaptationID, adaptation_technique, est_lives_saved_per_dollar, est_dollars_saved_per_dollar) values (16, 'id', 16, 58);
insert into adaptation_techniques (adaptationID, adaptation_technique, est_lives_saved_per_dollar, est_dollars_saved_per_dollar) values (17, 'justo', 33, 36);
insert into adaptation_techniques (adaptationID, adaptation_technique, est_lives_saved_per_dollar, est_dollars_saved_per_dollar) values (18, 'ipsum', 15, 35);
insert into adaptation_techniques (adaptationID, adaptation_technique, est_lives_saved_per_dollar, est_dollars_saved_per_dollar) values (19, 'volutpat', 20, 79);
insert into adaptation_techniques (adaptationID, adaptation_technique, est_lives_saved_per_dollar, est_dollars_saved_per_dollar) values (20, 'est', 28, 99);
insert into adaptation_techniques (adaptationID, adaptation_technique, est_lives_saved_per_dollar, est_dollars_saved_per_dollar) values (21, 'amet', 48, 24);
insert into adaptation_techniques (adaptationID, adaptation_technique, est_lives_saved_per_dollar, est_dollars_saved_per_dollar) values (22, 'in', 41, 90);
insert into adaptation_techniques (adaptationID, adaptation_technique, est_lives_saved_per_dollar, est_dollars_saved_per_dollar) values (23, 'vestibulum', 23, 67);
insert into adaptation_techniques (adaptationID, adaptation_technique, est_lives_saved_per_dollar, est_dollars_saved_per_dollar) values (24, 'vestibulum', 37, 42);
insert into adaptation_techniques (adaptationID, adaptation_technique, est_lives_saved_per_dollar, est_dollars_saved_per_dollar) values (25, 'morbi', 24, 90);
insert into adaptation_techniques (adaptationID, adaptation_technique, est_lives_saved_per_dollar, est_dollars_saved_per_dollar) values (26, 'nulla', 13, 75);
insert into adaptation_techniques (adaptationID, adaptation_technique, est_lives_saved_per_dollar, est_dollars_saved_per_dollar) values (27, 'et', 44, 44);
insert into adaptation_techniques (adaptationID, adaptation_technique, est_lives_saved_per_dollar, est_dollars_saved_per_dollar) values (28, 'mauris', 45, 95);
insert into adaptation_techniques (adaptationID, adaptation_technique, est_lives_saved_per_dollar, est_dollars_saved_per_dollar) values (29, 'quam', 39, 98);
insert into adaptation_techniques (adaptationID, adaptation_technique, est_lives_saved_per_dollar, est_dollars_saved_per_dollar) values (30, 'nulla', 35, 20);
insert into adaptation_techniques (adaptationID, adaptation_technique, est_lives_saved_per_dollar, est_dollars_saved_per_dollar) values (31, 'pharetra', 37, 86);
insert into adaptation_techniques (adaptationID, adaptation_technique, est_lives_saved_per_dollar, est_dollars_saved_per_dollar) values (32, 'eleifend', 11, 48);
insert into adaptation_techniques (adaptationID, adaptation_technique, est_lives_saved_per_dollar, est_dollars_saved_per_dollar) values (33, 'metus', 38, 20);
insert into adaptation_techniques (adaptationID, adaptation_technique, est_lives_saved_per_dollar, est_dollars_saved_per_dollar) values (34, 'nec', 21, 53);
insert into adaptation_techniques (adaptationID, adaptation_technique, est_lives_saved_per_dollar, est_dollars_saved_per_dollar) values (35, 'dolor', 15, 57);
insert into adaptation_techniques (adaptationID, adaptation_technique, est_lives_saved_per_dollar, est_dollars_saved_per_dollar) values (36, 'est', 36, 94);
insert into adaptation_techniques (adaptationID, adaptation_technique, est_lives_saved_per_dollar, est_dollars_saved_per_dollar) values (37, 'interdum', 44, 91);
insert into adaptation_techniques (adaptationID, adaptation_technique, est_lives_saved_per_dollar, est_dollars_saved_per_dollar) values (38, 'aliquam', 15, 43);
insert into adaptation_techniques (adaptationID, adaptation_technique, est_lives_saved_per_dollar, est_dollars_saved_per_dollar) values (39, 'dapibus', 41, 82);
insert into adaptation_techniques (adaptationID, adaptation_technique, est_lives_saved_per_dollar, est_dollars_saved_per_dollar) values (40, 'morbi', 50, 63);
insert into adaptation_techniques (adaptationID, adaptation_technique, est_lives_saved_per_dollar, est_dollars_saved_per_dollar) values (41, 'congue', 46, 27);
insert into adaptation_techniques (adaptationID, adaptation_technique, est_lives_saved_per_dollar, est_dollars_saved_per_dollar) values (42, 'molestie', 28, 35);
insert into adaptation_techniques (adaptationID, adaptation_technique, est_lives_saved_per_dollar, est_dollars_saved_per_dollar) values (43, 'ante', 31, 29);
insert into adaptation_techniques (adaptationID, adaptation_technique, est_lives_saved_per_dollar, est_dollars_saved_per_dollar) values (44, 'interdum', 20, 89);
insert into adaptation_techniques (adaptationID, adaptation_technique, est_lives_saved_per_dollar, est_dollars_saved_per_dollar) values (45, 'dolor', 19, 62);
insert into adaptation_techniques (adaptationID, adaptation_technique, est_lives_saved_per_dollar, est_dollars_saved_per_dollar) values (46, 'rhoncus', 24, 93);
insert into adaptation_techniques (adaptationID, adaptation_technique, est_lives_saved_per_dollar, est_dollars_saved_per_dollar) values (47, 'in', 25, 64);
insert into adaptation_techniques (adaptationID, adaptation_technique, est_lives_saved_per_dollar, est_dollars_saved_per_dollar) values (48, 'nisi', 44, 93);
insert into adaptation_techniques (adaptationID, adaptation_technique, est_lives_saved_per_dollar, est_dollars_saved_per_dollar) values (49, 'quam', 15, 59);
insert into adaptation_techniques (adaptationID, adaptation_technique, est_lives_saved_per_dollar, est_dollars_saved_per_dollar) values (50, 'tellus', 43, 87);
insert into adaptation_techniques (adaptationID, adaptation_technique, est_lives_saved_per_dollar, est_dollars_saved_per_dollar) values (51, 'nam', 46, 37);
insert into adaptation_techniques (adaptationID, adaptation_technique, est_lives_saved_per_dollar, est_dollars_saved_per_dollar) values (52, 'nunc', 44, 85);
insert into adaptation_techniques (adaptationID, adaptation_technique, est_lives_saved_per_dollar, est_dollars_saved_per_dollar) values (53, 'mattis', 36, 52);
insert into adaptation_techniques (adaptationID, adaptation_technique, est_lives_saved_per_dollar, est_dollars_saved_per_dollar) values (54, 'hac', 31, 79);
insert into adaptation_techniques (adaptationID, adaptation_technique, est_lives_saved_per_dollar, est_dollars_saved_per_dollar) values (55, 'condimentum', 24, 99);
insert into adaptation_techniques (adaptationID, adaptation_technique, est_lives_saved_per_dollar, est_dollars_saved_per_dollar) values (56, 'nulla', 46, 61);
insert into adaptation_techniques (adaptationID, adaptation_technique, est_lives_saved_per_dollar, est_dollars_saved_per_dollar) values (57, 'quis', 35, 39);
insert into adaptation_techniques (adaptationID, adaptation_technique, est_lives_saved_per_dollar, est_dollars_saved_per_dollar) values (58, 'felis', 29, 71);
insert into adaptation_techniques (adaptationID, adaptation_technique, est_lives_saved_per_dollar, est_dollars_saved_per_dollar) values (59, 'nullam', 48, 83);
insert into adaptation_techniques (adaptationID, adaptation_technique, est_lives_saved_per_dollar, est_dollars_saved_per_dollar) values (60, 'condimentum', 24, 95);
insert into adaptation_techniques (adaptationID, adaptation_technique, est_lives_saved_per_dollar, est_dollars_saved_per_dollar) values (61, 'nibh', 27, 91);
insert into adaptation_techniques (adaptationID, adaptation_technique, est_lives_saved_per_dollar, est_dollars_saved_per_dollar) values (62, 'pretium', 15, 65);
insert into adaptation_techniques (adaptationID, adaptation_technique, est_lives_saved_per_dollar, est_dollars_saved_per_dollar) values (63, 'eu', 23, 62);
insert into adaptation_techniques (adaptationID, adaptation_technique, est_lives_saved_per_dollar, est_dollars_saved_per_dollar) values (64, 'nulla', 50, 85);
insert into adaptation_techniques (adaptationID, adaptation_technique, est_lives_saved_per_dollar, est_dollars_saved_per_dollar) values (65, 'orci', 47, 65);
insert into adaptation_techniques (adaptationID, adaptation_technique, est_lives_saved_per_dollar, est_dollars_saved_per_dollar) values (66, 'augue', 31, 62);
insert into adaptation_techniques (adaptationID, adaptation_technique, est_lives_saved_per_dollar, est_dollars_saved_per_dollar) values (67, 'morbi', 35, 93);
insert into adaptation_techniques (adaptationID, adaptation_technique, est_lives_saved_per_dollar, est_dollars_saved_per_dollar) values (68, 'amet', 26, 26);
insert into adaptation_techniques (adaptationID, adaptation_technique, est_lives_saved_per_dollar, est_dollars_saved_per_dollar) values (69, 'tincidunt', 24, 49);
insert into adaptation_techniques (adaptationID, adaptation_technique, est_lives_saved_per_dollar, est_dollars_saved_per_dollar) values (70, 'iaculis', 12, 67);
insert into adaptation_techniques (adaptationID, adaptation_technique, est_lives_saved_per_dollar, est_dollars_saved_per_dollar) values (71, 'tempus', 14, 63);
insert into adaptation_techniques (adaptationID, adaptation_technique, est_lives_saved_per_dollar, est_dollars_saved_per_dollar) values (72, 'eget', 25, 94);
insert into adaptation_techniques (adaptationID, adaptation_technique, est_lives_saved_per_dollar, est_dollars_saved_per_dollar) values (73, 'nulla', 44, 47);
insert into adaptation_techniques (adaptationID, adaptation_technique, est_lives_saved_per_dollar, est_dollars_saved_per_dollar) values (74, 'luctus', 32, 36);
insert into adaptation_techniques (adaptationID, adaptation_technique, est_lives_saved_per_dollar, est_dollars_saved_per_dollar) values (75, 'integer', 18, 48);
insert into adaptation_techniques (adaptationID, adaptation_technique, est_lives_saved_per_dollar, est_dollars_saved_per_dollar) values (76, 'congue', 46, 49);
insert into adaptation_techniques (adaptationID, adaptation_technique, est_lives_saved_per_dollar, est_dollars_saved_per_dollar) values (77, 'venenatis', 33, 85);
insert into adaptation_techniques (adaptationID, adaptation_technique, est_lives_saved_per_dollar, est_dollars_saved_per_dollar) values (78, 'nullam', 13, 39);
insert into adaptation_techniques (adaptationID, adaptation_technique, est_lives_saved_per_dollar, est_dollars_saved_per_dollar) values (79, 'cras', 32, 72);
insert into adaptation_techniques (adaptationID, adaptation_technique, est_lives_saved_per_dollar, est_dollars_saved_per_dollar) values (80, 'in', 50, 46);

insert into mitigation_techniques (mitigationID, mitigation_type, WPM_RFMPD) values (1, 'purus aliquet', 33);
insert into mitigation_techniques (mitigationID, mitigation_type, WPM_RFMPD) values (2, 'cum sociis', 96);
insert into mitigation_techniques (mitigationID, mitigation_type, WPM_RFMPD) values (3, 'amet lobortis', 90);
insert into mitigation_techniques (mitigationID, mitigation_type, WPM_RFMPD) values (4, 'vel', 21);
insert into mitigation_techniques (mitigationID, mitigation_type, WPM_RFMPD) values (5, 'neque', 45);
insert into mitigation_techniques (mitigationID, mitigation_type, WPM_RFMPD) values (6, 'massa', 16);
insert into mitigation_techniques (mitigationID, mitigation_type, WPM_RFMPD) values (7, 'vitae', 7);
insert into mitigation_techniques (mitigationID, mitigation_type, WPM_RFMPD) values (8, 'dapibus dolor', 59);
insert into mitigation_techniques (mitigationID, mitigation_type, WPM_RFMPD) values (9, 'tellus nulla', 40);
insert into mitigation_techniques (mitigationID, mitigation_type, WPM_RFMPD) values (10, 'orci luctus', 48);
insert into mitigation_techniques (mitigationID, mitigation_type, WPM_RFMPD) values (11, 'lacus curabitur', 96);
insert into mitigation_techniques (mitigationID, mitigation_type, WPM_RFMPD) values (12, 'dui', 66);
insert into mitigation_techniques (mitigationID, mitigation_type, WPM_RFMPD) values (13, 'justo', 67);
insert into mitigation_techniques (mitigationID, mitigation_type, WPM_RFMPD) values (14, 'pede morbi', 67);
insert into mitigation_techniques (mitigationID, mitigation_type, WPM_RFMPD) values (15, 'vitae consectetuer', 60);
insert into mitigation_techniques (mitigationID, mitigation_type, WPM_RFMPD) values (16, 'convallis', 57);
insert into mitigation_techniques (mitigationID, mitigation_type, WPM_RFMPD) values (17, 'viverra eget', 95);
insert into mitigation_techniques (mitigationID, mitigation_type, WPM_RFMPD) values (18, 'nisl duis', 70);
insert into mitigation_techniques (mitigationID, mitigation_type, WPM_RFMPD) values (19, 'viverra', 38);
insert into mitigation_techniques (mitigationID, mitigation_type, WPM_RFMPD) values (20, 'penatibus et', 41);
insert into mitigation_techniques (mitigationID, mitigation_type, WPM_RFMPD) values (21, 'dictumst', 38);
insert into mitigation_techniques (mitigationID, mitigation_type, WPM_RFMPD) values (22, 'ac', 48);
insert into mitigation_techniques (mitigationID, mitigation_type, WPM_RFMPD) values (23, 'nullam orci', 19);
insert into mitigation_techniques (mitigationID, mitigation_type, WPM_RFMPD) values (24, 'sapien', 10);
insert into mitigation_techniques (mitigationID, mitigation_type, WPM_RFMPD) values (25, 'fusce posuere', 73);
insert into mitigation_techniques (mitigationID, mitigation_type, WPM_RFMPD) values (26, 'platea', 90);
insert into mitigation_techniques (mitigationID, mitigation_type, WPM_RFMPD) values (27, 'vel ipsum', 23);
insert into mitigation_techniques (mitigationID, mitigation_type, WPM_RFMPD) values (28, 'tempor turpis', 78);
insert into mitigation_techniques (mitigationID, mitigation_type, WPM_RFMPD) values (29, 'in', 70);
insert into mitigation_techniques (mitigationID, mitigation_type, WPM_RFMPD) values (30, 'diam nam', 100);
insert into mitigation_techniques (mitigationID, mitigation_type, WPM_RFMPD) values (31, 'praesent lectus', 44);
insert into mitigation_techniques (mitigationID, mitigation_type, WPM_RFMPD) values (32, 'nulla', 35);
insert into mitigation_techniques (mitigationID, mitigation_type, WPM_RFMPD) values (33, 'quis turpis', 100);
insert into mitigation_techniques (mitigationID, mitigation_type, WPM_RFMPD) values (34, 'amet', 63);
insert into mitigation_techniques (mitigationID, mitigation_type, WPM_RFMPD) values (35, 'morbi', 51);
insert into mitigation_techniques (mitigationID, mitigation_type, WPM_RFMPD) values (36, 'velit', 43);
insert into mitigation_techniques (mitigationID, mitigation_type, WPM_RFMPD) values (37, 'bibendum imperdiet', 16);
insert into mitigation_techniques (mitigationID, mitigation_type, WPM_RFMPD) values (38, 'lobortis convallis', 66);
insert into mitigation_techniques (mitigationID, mitigation_type, WPM_RFMPD) values (39, 'ante vestibulum', 94);
insert into mitigation_techniques (mitigationID, mitigation_type, WPM_RFMPD) values (40, 'cubilia', 98);
insert into mitigation_techniques (mitigationID, mitigation_type, WPM_RFMPD) values (41, 'mus etiam', 1);
insert into mitigation_techniques (mitigationID, mitigation_type, WPM_RFMPD) values (42, 'est', 64);
insert into mitigation_techniques (mitigationID, mitigation_type, WPM_RFMPD) values (43, 'vivamus in', 59);
insert into mitigation_techniques (mitigationID, mitigation_type, WPM_RFMPD) values (44, 'pulvinar lobortis', 5);
insert into mitigation_techniques (mitigationID, mitigation_type, WPM_RFMPD) values (45, 'nec molestie', 88);
insert into mitigation_techniques (mitigationID, mitigation_type, WPM_RFMPD) values (46, 'mauris', 92);
insert into mitigation_techniques (mitigationID, mitigation_type, WPM_RFMPD) values (47, 'ut', 6);
insert into mitigation_techniques (mitigationID, mitigation_type, WPM_RFMPD) values (48, 'eget', 27);
insert into mitigation_techniques (mitigationID, mitigation_type, WPM_RFMPD) values (49, 'porttitor', 52);
insert into mitigation_techniques (mitigationID, mitigation_type, WPM_RFMPD) values (50, 'maecenas tincidunt', 88);
insert into mitigation_techniques (mitigationID, mitigation_type, WPM_RFMPD) values (51, 'massa quis', 95);
insert into mitigation_techniques (mitigationID, mitigation_type, WPM_RFMPD) values (52, 'magna bibendum', 80);
insert into mitigation_techniques (mitigationID, mitigation_type, WPM_RFMPD) values (53, 'ultrices enim', 20);
insert into mitigation_techniques (mitigationID, mitigation_type, WPM_RFMPD) values (54, 'luctus et', 15);
insert into mitigation_techniques (mitigationID, mitigation_type, WPM_RFMPD) values (55, 'mi', 94);
insert into mitigation_techniques (mitigationID, mitigation_type, WPM_RFMPD) values (56, 'nec euismod', 4);
insert into mitigation_techniques (mitigationID, mitigation_type, WPM_RFMPD) values (57, 'integer ac', 90);
insert into mitigation_techniques (mitigationID, mitigation_type, WPM_RFMPD) values (58, 'vehicula consequat', 12);
insert into mitigation_techniques (mitigationID, mitigation_type, WPM_RFMPD) values (59, 'at', 32);
insert into mitigation_techniques (mitigationID, mitigation_type, WPM_RFMPD) values (60, 'non', 78);
insert into mitigation_techniques (mitigationID, mitigation_type, WPM_RFMPD) values (61, 'ultrices posuere', 56);
insert into mitigation_techniques (mitigationID, mitigation_type, WPM_RFMPD) values (62, 'integer', 21);
insert into mitigation_techniques (mitigationID, mitigation_type, WPM_RFMPD) values (63, 'adipiscing', 3);
insert into mitigation_techniques (mitigationID, mitigation_type, WPM_RFMPD) values (64, 'porttitor pede', 88);
insert into mitigation_techniques (mitigationID, mitigation_type, WPM_RFMPD) values (65, 'eget', 99);
insert into mitigation_techniques (mitigationID, mitigation_type, WPM_RFMPD) values (66, 'eleifend pede', 6);
insert into mitigation_techniques (mitigationID, mitigation_type, WPM_RFMPD) values (67, 'in', 47);
insert into mitigation_techniques (mitigationID, mitigation_type, WPM_RFMPD) values (68, 'mi', 23);
insert into mitigation_techniques (mitigationID, mitigation_type, WPM_RFMPD) values (69, 'nulla', 67);
insert into mitigation_techniques (mitigationID, mitigation_type, WPM_RFMPD) values (70, 'quisque', 8);
insert into mitigation_techniques (mitigationID, mitigation_type, WPM_RFMPD) values (71, 'odio', 55);
insert into mitigation_techniques (mitigationID, mitigation_type, WPM_RFMPD) values (72, 'interdum', 20);
insert into mitigation_techniques (mitigationID, mitigation_type, WPM_RFMPD) values (73, 'cras', 65);
insert into mitigation_techniques (mitigationID, mitigation_type, WPM_RFMPD) values (74, 'sollicitudin ut', 22);
insert into mitigation_techniques (mitigationID, mitigation_type, WPM_RFMPD) values (75, 'vestibulum ante', 69);
insert into mitigation_techniques (mitigationID, mitigation_type, WPM_RFMPD) values (76, 'nunc proin', 80);
insert into mitigation_techniques (mitigationID, mitigation_type, WPM_RFMPD) values (77, 'tincidunt ante', 79);
insert into mitigation_techniques (mitigationID, mitigation_type, WPM_RFMPD) values (78, 'vestibulum', 69);
insert into mitigation_techniques (mitigationID, mitigation_type, WPM_RFMPD) values (79, 'tincidunt', 15);
insert into mitigation_techniques (mitigationID, mitigation_type, WPM_RFMPD) values (80, 'blandit', 33);

insert into city_mitigation_techs (cityID, mitigationID) values ('6', '45');
insert into city_mitigation_techs (cityID, mitigationID) values ('7', '57');
insert into city_mitigation_techs (cityID, mitigationID) values ('20', '46');
insert into city_mitigation_techs (cityID, mitigationID) values ('17', '27');
insert into city_mitigation_techs (cityID, mitigationID) values ('16', '26');
insert into city_mitigation_techs (cityID, mitigationID) values ('12', '33');
insert into city_mitigation_techs (cityID, mitigationID) values ('28', '36');
insert into city_mitigation_techs (cityID, mitigationID) values ('23', '10');
insert into city_mitigation_techs (cityID, mitigationID) values ('11', '66');
insert into city_mitigation_techs (cityID, mitigationID) values ('8', '74');
insert into city_mitigation_techs (cityID, mitigationID) values ('22', '72');
insert into city_mitigation_techs (cityID, mitigationID) values ('19', '56');
insert into city_mitigation_techs (cityID, mitigationID) values ('29', '11');
insert into city_mitigation_techs (cityID, mitigationID) values ('10', '71');
insert into city_mitigation_techs (cityID, mitigationID) values ('21', '40');
insert into city_mitigation_techs (cityID, mitigationID) values ('14', '61');
insert into city_mitigation_techs (cityID, mitigationID) values ('13', '7');
insert into city_mitigation_techs (cityID, mitigationID) values ('5', '37');
insert into city_mitigation_techs (cityID, mitigationID) values ('18', '14');
insert into city_mitigation_techs (cityID, mitigationID) values ('9', '47');
insert into city_mitigation_techs (cityID, mitigationID) values ('24', '48');
insert into city_mitigation_techs (cityID, mitigationID) values ('4', '73');
insert into city_mitigation_techs (cityID, mitigationID) values ('26', '5');
insert into city_mitigation_techs (cityID, mitigationID) values ('1', '30');
insert into city_mitigation_techs (cityID, mitigationID) values ('2', '62');
insert into city_mitigation_techs (cityID, mitigationID) values ('15', '58');
insert into city_mitigation_techs (cityID, mitigationID) values ('25', '42');
insert into city_mitigation_techs (cityID, mitigationID) values ('27', '18');
insert into city_mitigation_techs (cityID, mitigationID) values ('3', '2');
insert into city_mitigation_techs (cityID, mitigationID) values ('30', '28');
insert into city_mitigation_techs (cityID, mitigationID) values ('10', '50');
insert into city_mitigation_techs (cityID, mitigationID) values ('26', '35');
insert into city_mitigation_techs (cityID, mitigationID) values ('16', '17');
insert into city_mitigation_techs (cityID, mitigationID) values ('7', '75');
insert into city_mitigation_techs (cityID, mitigationID) values ('25', '16');
insert into city_mitigation_techs (cityID, mitigationID) values ('13', '6');
insert into city_mitigation_techs (cityID, mitigationID) values ('8', '12');
insert into city_mitigation_techs (cityID, mitigationID) values ('12', '20');
insert into city_mitigation_techs (cityID, mitigationID) values ('9', '38');
insert into city_mitigation_techs (cityID, mitigationID) values ('1', '34');
insert into city_mitigation_techs (cityID, mitigationID) values ('21', '24');
insert into city_mitigation_techs (cityID, mitigationID) values ('14', '80');
insert into city_mitigation_techs (cityID, mitigationID) values ('20', '4');
insert into city_mitigation_techs (cityID, mitigationID) values ('5', '51');
insert into city_mitigation_techs (cityID, mitigationID) values ('15', '78');
insert into city_mitigation_techs (cityID, mitigationID) values ('28', '32');
insert into city_mitigation_techs (cityID, mitigationID) values ('2', '19');
insert into city_mitigation_techs (cityID, mitigationID) values ('30', '41');
insert into city_mitigation_techs (cityID, mitigationID) values ('24', '29');
insert into city_mitigation_techs (cityID, mitigationID) values ('6', '52');
insert into city_mitigation_techs (cityID, mitigationID) values ('18', '63');
insert into city_mitigation_techs (cityID, mitigationID) values ('19', '3');
insert into city_mitigation_techs (cityID, mitigationID) values ('27', '9');
insert into city_mitigation_techs (cityID, mitigationID) values ('11', '76');
insert into city_mitigation_techs (cityID, mitigationID) values ('23', '55');
insert into city_mitigation_techs (cityID, mitigationID) values ('17', '53');
insert into city_mitigation_techs (cityID, mitigationID) values ('22', '59');
insert into city_mitigation_techs (cityID, mitigationID) values ('29', '79');
insert into city_mitigation_techs (cityID, mitigationID) values ('4', '8');
insert into city_mitigation_techs (cityID, mitigationID) values ('3', '22');
insert into city_mitigation_techs (cityID, mitigationID) values ('7', '69');
insert into city_mitigation_techs (cityID, mitigationID) values ('28', '64');
insert into city_mitigation_techs (cityID, mitigationID) values ('3', '44');
insert into city_mitigation_techs (cityID, mitigationID) values ('17', '49');
insert into city_mitigation_techs (cityID, mitigationID) values ('21', '21');
insert into city_mitigation_techs (cityID, mitigationID) values ('25', '54');
insert into city_mitigation_techs (cityID, mitigationID) values ('11', '70');
insert into city_mitigation_techs (cityID, mitigationID) values ('13', '60');
insert into city_mitigation_techs (cityID, mitigationID) values ('22', '65');
insert into city_mitigation_techs (cityID, mitigationID) values ('8', '67');
insert into city_mitigation_techs (cityID, mitigationID) values ('4', '1');
insert into city_mitigation_techs (cityID, mitigationID) values ('26', '68');
insert into city_mitigation_techs (cityID, mitigationID) values ('19', '39');
insert into city_mitigation_techs (cityID, mitigationID) values ('27', '77');
insert into city_mitigation_techs (cityID, mitigationID) values ('20', '31');
insert into city_mitigation_techs (cityID, mitigationID) values ('10', '15');
insert into city_mitigation_techs (cityID, mitigationID) values ('15', '25');
insert into city_mitigation_techs (cityID, mitigationID) values ('16', '13');
insert into city_mitigation_techs (cityID, mitigationID) values ('2', '23');
insert into city_mitigation_techs (cityID, mitigationID) values ('9', '43');
insert into city_mitigation_techs (cityID, mitigationID) values ('23', '74');
insert into city_mitigation_techs (cityID, mitigationID) values ('6', '6');
insert into city_mitigation_techs (cityID, mitigationID) values ('30', '77');
insert into city_mitigation_techs (cityID, mitigationID) values ('24', '33');
insert into city_mitigation_techs (cityID, mitigationID) values ('14', '2');
insert into city_mitigation_techs (cityID, mitigationID) values ('29', '40');
insert into city_mitigation_techs (cityID, mitigationID) values ('5', '72');
insert into city_mitigation_techs (cityID, mitigationID) values ('12', '64');
insert into city_mitigation_techs (cityID, mitigationID) values ('1', '49');
insert into city_mitigation_techs (cityID, mitigationID) values ('18', '42');
insert into city_mitigation_techs (cityID, mitigationID) values ('17', '39');
insert into city_mitigation_techs (cityID, mitigationID) values ('3', '14');
insert into city_mitigation_techs (cityID, mitigationID) values ('27', '65');
insert into city_mitigation_techs (cityID, mitigationID) values ('4', '16');
insert into city_mitigation_techs (cityID, mitigationID) values ('6', '51');
insert into city_mitigation_techs (cityID, mitigationID) values ('28', '43');
insert into city_mitigation_techs (cityID, mitigationID) values ('26', '27');
insert into city_mitigation_techs (cityID, mitigationID) values ('18', '12');
insert into city_mitigation_techs (cityID, mitigationID) values ('8', '75');
insert into city_mitigation_techs (cityID, mitigationID) values ('29', '41');
insert into city_mitigation_techs (cityID, mitigationID) values ('9', '45');
insert into city_mitigation_techs (cityID, mitigationID) values ('7', '73');
insert into city_mitigation_techs (cityID, mitigationID) values ('11', '17');
insert into city_mitigation_techs (cityID, mitigationID) values ('25', '10');
insert into city_mitigation_techs (cityID, mitigationID) values ('13', '37');
insert into city_mitigation_techs (cityID, mitigationID) values ('16', '29');
insert into city_mitigation_techs (cityID, mitigationID) values ('19', '60');
insert into city_mitigation_techs (cityID, mitigationID) values ('24', '24');
insert into city_mitigation_techs (cityID, mitigationID) values ('20', '18');
insert into city_mitigation_techs (cityID, mitigationID) values ('30', '79');
insert into city_mitigation_techs (cityID, mitigationID) values ('23', '36');
insert into city_mitigation_techs (cityID, mitigationID) values ('22', '67');
insert into city_mitigation_techs (cityID, mitigationID) values ('15', '3');
insert into city_mitigation_techs (cityID, mitigationID) values ('10', '76');
insert into city_mitigation_techs (cityID, mitigationID) values ('14', '28');
insert into city_mitigation_techs (cityID, mitigationID) values ('1', '61');
insert into city_mitigation_techs (cityID, mitigationID) values ('12', '25');
insert into city_mitigation_techs (cityID, mitigationID) values ('5', '15');
insert into city_mitigation_techs (cityID, mitigationID) values ('2', '11');
insert into city_mitigation_techs (cityID, mitigationID) values ('21', '22');
insert into city_mitigation_techs (cityID, mitigationID) values ('19', '32');
insert into city_mitigation_techs (cityID, mitigationID) values ('29', '21');
insert into city_mitigation_techs (cityID, mitigationID) values ('9', '23');
insert into city_mitigation_techs (cityID, mitigationID) values ('4', '20');
insert into city_mitigation_techs (cityID, mitigationID) values ('3', '30');
insert into city_mitigation_techs (cityID, mitigationID) values ('13', '57');
insert into city_mitigation_techs (cityID, mitigationID) values ('26', '63');
insert into city_mitigation_techs (cityID, mitigationID) values ('2', '52');
insert into city_mitigation_techs (cityID, mitigationID) values ('28', '38');
insert into city_mitigation_techs (cityID, mitigationID) values ('11', '69');
insert into city_mitigation_techs (cityID, mitigationID) values ('8', '62');
insert into city_mitigation_techs (cityID, mitigationID) values ('27', '31');
insert into city_mitigation_techs (cityID, mitigationID) values ('20', '1');
insert into city_mitigation_techs (cityID, mitigationID) values ('24', '50');
insert into city_mitigation_techs (cityID, mitigationID) values ('15', '44');
insert into city_mitigation_techs (cityID, mitigationID) values ('5', '47');
insert into city_mitigation_techs (cityID, mitigationID) values ('23', '35');
insert into city_mitigation_techs (cityID, mitigationID) values ('1', '8');
insert into city_mitigation_techs (cityID, mitigationID) values ('16', '9');
insert into city_mitigation_techs (cityID, mitigationID) values ('30', '80');
insert into city_mitigation_techs (cityID, mitigationID) values ('21', '53');
insert into city_mitigation_techs (cityID, mitigationID) values ('25', '19');
insert into city_mitigation_techs (cityID, mitigationID) values ('18', '55');
insert into city_mitigation_techs (cityID, mitigationID) values ('12', '66');
insert into city_mitigation_techs (cityID, mitigationID) values ('14', '54');
insert into city_mitigation_techs (cityID, mitigationID) values ('6', '5');
insert into city_mitigation_techs (cityID, mitigationID) values ('17', '59');
insert into city_mitigation_techs (cityID, mitigationID) values ('22', '78');
insert into city_mitigation_techs (cityID, mitigationID) values ('7', '58');
insert into city_mitigation_techs (cityID, mitigationID) values ('10', '71');

insert into city_energy (energyID, cityID) values ('52', '19');
insert into city_energy (energyID, cityID) values ('16', '7');
insert into city_energy (energyID, cityID) values ('35', '23');
insert into city_energy (energyID, cityID) values ('11', '12');
insert into city_energy (energyID, cityID) values ('44', '11');
insert into city_energy (energyID, cityID) values ('22', '30');
insert into city_energy (energyID, cityID) values ('9', '26');
insert into city_energy (energyID, cityID) values ('73', '6');
insert into city_energy (energyID, cityID) values ('68', '16');
insert into city_energy (energyID, cityID) values ('18', '14');
insert into city_energy (energyID, cityID) values ('63', '21');
insert into city_energy (energyID, cityID) values ('33', '8');
insert into city_energy (energyID, cityID) values ('42', '22');
insert into city_energy (energyID, cityID) values ('60', '20');
insert into city_energy (energyID, cityID) values ('61', '13');
insert into city_energy (energyID, cityID) values ('75', '10');
insert into city_energy (energyID, cityID) values ('70', '15');
insert into city_energy (energyID, cityID) values ('34', '27');
insert into city_energy (energyID, cityID) values ('49', '28');
insert into city_energy (energyID, cityID) values ('80', '18');
insert into city_energy (energyID, cityID) values ('38', '1');
insert into city_energy (energyID, cityID) values ('58', '2');
insert into city_energy (energyID, cityID) values ('25', '29');
insert into city_energy (energyID, cityID) values ('79', '9');
insert into city_energy (energyID, cityID) values ('32', '3');
insert into city_energy (energyID, cityID) values ('29', '17');
insert into city_energy (energyID, cityID) values ('28', '5');
insert into city_energy (energyID, cityID) values ('10', '25');
insert into city_energy (energyID, cityID) values ('17', '24');
insert into city_energy (energyID, cityID) values ('57', '4');
insert into city_energy (energyID, cityID) values ('24', '7');
insert into city_energy (energyID, cityID) values ('62', '29');
insert into city_energy (energyID, cityID) values ('5', '21');
insert into city_energy (energyID, cityID) values ('20', '27');
insert into city_energy (energyID, cityID) values ('46', '3');
insert into city_energy (energyID, cityID) values ('55', '13');
insert into city_energy (energyID, cityID) values ('76', '6');
insert into city_energy (energyID, cityID) values ('40', '9');
insert into city_energy (energyID, cityID) values ('47', '10');
insert into city_energy (energyID, cityID) values ('7', '11');
insert into city_energy (energyID, cityID) values ('26', '1');
insert into city_energy (energyID, cityID) values ('56', '2');
insert into city_energy (energyID, cityID) values ('12', '8');
insert into city_energy (energyID, cityID) values ('13', '28');
insert into city_energy (energyID, cityID) values ('51', '30');
insert into city_energy (energyID, cityID) values ('15', '23');
insert into city_energy (energyID, cityID) values ('41', '19');
insert into city_energy (energyID, cityID) values ('65', '25');
insert into city_energy (energyID, cityID) values ('23', '17');
insert into city_energy (energyID, cityID) values ('39', '4');
insert into city_energy (energyID, cityID) values ('66', '14');
insert into city_energy (energyID, cityID) values ('53', '12');
insert into city_energy (energyID, cityID) values ('67', '22');
insert into city_energy (energyID, cityID) values ('4', '20');
insert into city_energy (energyID, cityID) values ('21', '26');
insert into city_energy (energyID, cityID) values ('69', '5');
insert into city_energy (energyID, cityID) values ('54', '18');
insert into city_energy (energyID, cityID) values ('64', '15');
insert into city_energy (energyID, cityID) values ('31', '16');
insert into city_energy (energyID, cityID) values ('72', '24');
insert into city_energy (energyID, cityID) values ('74', '16');
insert into city_energy (energyID, cityID) values ('71', '4');
insert into city_energy (energyID, cityID) values ('45', '15');
insert into city_energy (energyID, cityID) values ('43', '17');
insert into city_energy (energyID, cityID) values ('59', '24');
insert into city_energy (energyID, cityID) values ('78', '6');
insert into city_energy (energyID, cityID) values ('1', '7');
insert into city_energy (energyID, cityID) values ('2', '3');
insert into city_energy (energyID, cityID) values ('6', '18');
insert into city_energy (energyID, cityID) values ('36', '30');
insert into city_energy (energyID, cityID) values ('30', '5');
insert into city_energy (energyID, cityID) values ('8', '8');
insert into city_energy (energyID, cityID) values ('3', '1');
insert into city_energy (energyID, cityID) values ('50', '19');
insert into city_energy (energyID, cityID) values ('14', '25');
insert into city_energy (energyID, cityID) values ('77', '23');
insert into city_energy (energyID, cityID) values ('27', '28');
insert into city_energy (energyID, cityID) values ('48', '13');
insert into city_energy (energyID, cityID) values ('19', '21');
insert into city_energy (energyID, cityID) values ('37', '20');
insert into city_energy (energyID, cityID) values ('2', '9');
insert into city_energy (energyID, cityID) values ('77', '2');
insert into city_energy (energyID, cityID) values ('36', '11');
insert into city_energy (energyID, cityID) values ('21', '12');
insert into city_energy (energyID, cityID) values ('40', '22');
insert into city_energy (energyID, cityID) values ('3', '26');
insert into city_energy (energyID, cityID) values ('78', '10');
insert into city_energy (energyID, cityID) values ('44', '14');
insert into city_energy (energyID, cityID) values ('48', '27');
insert into city_energy (energyID, cityID) values ('18', '29');
insert into city_energy (energyID, cityID) values ('4', '8');
insert into city_energy (energyID, cityID) values ('68', '30');
insert into city_energy (energyID, cityID) values ('12', '19');
insert into city_energy (energyID, cityID) values ('61', '17');
insert into city_energy (energyID, cityID) values ('9', '10');
insert into city_energy (energyID, cityID) values ('67', '11');
insert into city_energy (energyID, cityID) values ('14', '29');
insert into city_energy (energyID, cityID) values ('34', '28');
insert into city_energy (energyID, cityID) values ('42', '7');
insert into city_energy (energyID, cityID) values ('17', '22');
insert into city_energy (energyID, cityID) values ('31', '26');
insert into city_energy (energyID, cityID) values ('74', '18');
insert into city_energy (energyID, cityID) values ('26', '27');
insert into city_energy (energyID, cityID) values ('66', '1');
insert into city_energy (energyID, cityID) values ('43', '20');
insert into city_energy (energyID, cityID) values ('19', '15');
insert into city_energy (energyID, cityID) values ('55', '2');
insert into city_energy (energyID, cityID) values ('37', '16');
insert into city_energy (energyID, cityID) values ('80', '9');
insert into city_energy (energyID, cityID) values ('6', '4');
insert into city_energy (energyID, cityID) values ('57', '24');
insert into city_energy (energyID, cityID) values ('33', '6');
insert into city_energy (energyID, cityID) values ('65', '5');
insert into city_energy (energyID, cityID) values ('28', '25');
insert into city_energy (energyID, cityID) values ('20', '12');
insert into city_energy (energyID, cityID) values ('59', '13');
insert into city_energy (energyID, cityID) values ('1', '21');
insert into city_energy (energyID, cityID) values ('47', '14');
insert into city_energy (energyID, cityID) values ('71', '3');
insert into city_energy (energyID, cityID) values ('32', '23');
insert into city_energy (energyID, cityID) values ('58', '27');
insert into city_energy (energyID, cityID) values ('49', '9');
insert into city_energy (energyID, cityID) values ('29', '28');
insert into city_energy (energyID, cityID) values ('79', '12');
insert into city_energy (energyID, cityID) values ('30', '2');
insert into city_energy (energyID, cityID) values ('72', '8');
insert into city_energy (energyID, cityID) values ('13', '29');
insert into city_energy (energyID, cityID) values ('46', '7');
insert into city_energy (energyID, cityID) values ('63', '3');
insert into city_energy (energyID, cityID) values ('76', '19');
insert into city_energy (energyID, cityID) values ('5', '4');
insert into city_energy (energyID, cityID) values ('10', '24');
insert into city_energy (energyID, cityID) values ('27', '23');
insert into city_energy (energyID, cityID) values ('24', '30');
insert into city_energy (energyID, cityID) values ('69', '10');
insert into city_energy (energyID, cityID) values ('22', '13');
insert into city_energy (energyID, cityID) values ('50', '18');
insert into city_energy (energyID, cityID) values ('51', '5');
insert into city_energy (energyID, cityID) values ('54', '15');
insert into city_energy (energyID, cityID) values ('8', '17');
insert into city_energy (energyID, cityID) values ('16', '11');
insert into city_energy (energyID, cityID) values ('62', '20');
insert into city_energy (energyID, cityID) values ('53', '6');
insert into city_energy (energyID, cityID) values ('23', '1');
insert into city_energy (energyID, cityID) values ('7', '26');
insert into city_energy (energyID, cityID) values ('73', '16');
insert into city_energy (energyID, cityID) values ('64', '14');
insert into city_energy (energyID, cityID) values ('70', '25');
insert into city_energy (energyID, cityID) values ('15', '22');
insert into city_energy (energyID, cityID) values ('60', '21');

insert into city_adaptation_techs (cityID, adaptationID) values ('4', '43');
insert into city_adaptation_techs (cityID, adaptationID) values ('5', '60');
insert into city_adaptation_techs (cityID, adaptationID) values ('27', '20');
insert into city_adaptation_techs (cityID, adaptationID) values ('2', '28');
insert into city_adaptation_techs (cityID, adaptationID) values ('8', '66');
insert into city_adaptation_techs (cityID, adaptationID) values ('9', '57');
insert into city_adaptation_techs (cityID, adaptationID) values ('22', '54');
insert into city_adaptation_techs (cityID, adaptationID) values ('23', '25');
insert into city_adaptation_techs (cityID, adaptationID) values ('21', '26');
insert into city_adaptation_techs (cityID, adaptationID) values ('17', '27');
insert into city_adaptation_techs (cityID, adaptationID) values ('10', '56');
insert into city_adaptation_techs (cityID, adaptationID) values ('6', '16');
insert into city_adaptation_techs (cityID, adaptationID) values ('1', '75');
insert into city_adaptation_techs (cityID, adaptationID) values ('7', '67');
insert into city_adaptation_techs (cityID, adaptationID) values ('13', '10');
insert into city_adaptation_techs (cityID, adaptationID) values ('28', '12');
insert into city_adaptation_techs (cityID, adaptationID) values ('15', '53');
insert into city_adaptation_techs (cityID, adaptationID) values ('30', '40');
insert into city_adaptation_techs (cityID, adaptationID) values ('24', '8');
insert into city_adaptation_techs (cityID, adaptationID) values ('11', '51');
insert into city_adaptation_techs (cityID, adaptationID) values ('19', '42');
insert into city_adaptation_techs (cityID, adaptationID) values ('25', '80');
insert into city_adaptation_techs (cityID, adaptationID) values ('26', '61');
insert into city_adaptation_techs (cityID, adaptationID) values ('29', '58');
insert into city_adaptation_techs (cityID, adaptationID) values ('20', '44');
insert into city_adaptation_techs (cityID, adaptationID) values ('12', '29');
insert into city_adaptation_techs (cityID, adaptationID) values ('14', '72');
insert into city_adaptation_techs (cityID, adaptationID) values ('18', '68');
insert into city_adaptation_techs (cityID, adaptationID) values ('16', '41');
insert into city_adaptation_techs (cityID, adaptationID) values ('3', '24');
insert into city_adaptation_techs (cityID, adaptationID) values ('26', '6');
insert into city_adaptation_techs (cityID, adaptationID) values ('16', '21');
insert into city_adaptation_techs (cityID, adaptationID) values ('1', '1');
insert into city_adaptation_techs (cityID, adaptationID) values ('25', '15');
insert into city_adaptation_techs (cityID, adaptationID) values ('28', '36');
insert into city_adaptation_techs (cityID, adaptationID) values ('8', '35');
insert into city_adaptation_techs (cityID, adaptationID) values ('29', '63');
insert into city_adaptation_techs (cityID, adaptationID) values ('27', '34');
insert into city_adaptation_techs (cityID, adaptationID) values ('17', '23');
insert into city_adaptation_techs (cityID, adaptationID) values ('9', '74');
insert into city_adaptation_techs (cityID, adaptationID) values ('10', '65');
insert into city_adaptation_techs (cityID, adaptationID) values ('14', '46');
insert into city_adaptation_techs (cityID, adaptationID) values ('12', '14');
insert into city_adaptation_techs (cityID, adaptationID) values ('15', '9');
insert into city_adaptation_techs (cityID, adaptationID) values ('19', '55');
insert into city_adaptation_techs (cityID, adaptationID) values ('21', '18');
insert into city_adaptation_techs (cityID, adaptationID) values ('18', '5');
insert into city_adaptation_techs (cityID, adaptationID) values ('5', '52');
insert into city_adaptation_techs (cityID, adaptationID) values ('30', '37');
insert into city_adaptation_techs (cityID, adaptationID) values ('23', '7');
insert into city_adaptation_techs (cityID, adaptationID) values ('2', '69');
insert into city_adaptation_techs (cityID, adaptationID) values ('4', '39');
insert into city_adaptation_techs (cityID, adaptationID) values ('11', '22');
insert into city_adaptation_techs (cityID, adaptationID) values ('6', '64');
insert into city_adaptation_techs (cityID, adaptationID) values ('20', '79');
insert into city_adaptation_techs (cityID, adaptationID) values ('13', '17');
insert into city_adaptation_techs (cityID, adaptationID) values ('24', '33');
insert into city_adaptation_techs (cityID, adaptationID) values ('3', '32');
insert into city_adaptation_techs (cityID, adaptationID) values ('7', '49');
insert into city_adaptation_techs (cityID, adaptationID) values ('22', '50');
insert into city_adaptation_techs (cityID, adaptationID) values ('28', '19');
insert into city_adaptation_techs (cityID, adaptationID) values ('5', '59');
insert into city_adaptation_techs (cityID, adaptationID) values ('12', '47');
insert into city_adaptation_techs (cityID, adaptationID) values ('23', '31');
insert into city_adaptation_techs (cityID, adaptationID) values ('30', '4');
insert into city_adaptation_techs (cityID, adaptationID) values ('15', '13');
insert into city_adaptation_techs (cityID, adaptationID) values ('19', '2');
insert into city_adaptation_techs (cityID, adaptationID) values ('21', '76');
insert into city_adaptation_techs (cityID, adaptationID) values ('1', '38');
insert into city_adaptation_techs (cityID, adaptationID) values ('11', '11');
insert into city_adaptation_techs (cityID, adaptationID) values ('14', '30');
insert into city_adaptation_techs (cityID, adaptationID) values ('13', '45');
insert into city_adaptation_techs (cityID, adaptationID) values ('18', '77');
insert into city_adaptation_techs (cityID, adaptationID) values ('3', '78');
insert into city_adaptation_techs (cityID, adaptationID) values ('22', '70');
insert into city_adaptation_techs (cityID, adaptationID) values ('6', '48');
insert into city_adaptation_techs (cityID, adaptationID) values ('7', '71');
insert into city_adaptation_techs (cityID, adaptationID) values ('17', '3');
insert into city_adaptation_techs (cityID, adaptationID) values ('25', '62');
insert into city_adaptation_techs (cityID, adaptationID) values ('24', '73');
insert into city_adaptation_techs (cityID, adaptationID) values ('26', '58');
insert into city_adaptation_techs (cityID, adaptationID) values ('16', '40');
insert into city_adaptation_techs (cityID, adaptationID) values ('27', '11');
insert into city_adaptation_techs (cityID, adaptationID) values ('10', '45');
insert into city_adaptation_techs (cityID, adaptationID) values ('29', '70');
insert into city_adaptation_techs (cityID, adaptationID) values ('2', '56');
insert into city_adaptation_techs (cityID, adaptationID) values ('9', '26');
insert into city_adaptation_techs (cityID, adaptationID) values ('20', '60');
insert into city_adaptation_techs (cityID, adaptationID) values ('4', '5');
insert into city_adaptation_techs (cityID, adaptationID) values ('8', '21');
insert into city_adaptation_techs (cityID, adaptationID) values ('28', '12');
insert into city_adaptation_techs (cityID, adaptationID) values ('27', '65');
insert into city_adaptation_techs (cityID, adaptationID) values ('23', '79');
insert into city_adaptation_techs (cityID, adaptationID) values ('26', '69');
insert into city_adaptation_techs (cityID, adaptationID) values ('17', '66');
insert into city_adaptation_techs (cityID, adaptationID) values ('10', '68');
insert into city_adaptation_techs (cityID, adaptationID) values ('7', '72');
insert into city_adaptation_techs (cityID, adaptationID) values ('20', '6');
insert into city_adaptation_techs (cityID, adaptationID) values ('25', '2');
insert into city_adaptation_techs (cityID, adaptationID) values ('24', '78');
insert into city_adaptation_techs (cityID, adaptationID) values ('15', '10');
insert into city_adaptation_techs (cityID, adaptationID) values ('29', '32');
insert into city_adaptation_techs (cityID, adaptationID) values ('16', '52');
insert into city_adaptation_techs (cityID, adaptationID) values ('8', '33');
insert into city_adaptation_techs (cityID, adaptationID) values ('21', '59');
insert into city_adaptation_techs (cityID, adaptationID) values ('30', '24');
insert into city_adaptation_techs (cityID, adaptationID) values ('9', '9');
insert into city_adaptation_techs (cityID, adaptationID) values ('13', '17');
insert into city_adaptation_techs (cityID, adaptationID) values ('1', '14');
insert into city_adaptation_techs (cityID, adaptationID) values ('6', '27');
insert into city_adaptation_techs (cityID, adaptationID) values ('5', '74');
insert into city_adaptation_techs (cityID, adaptationID) values ('22', '4');
insert into city_adaptation_techs (cityID, adaptationID) values ('2', '67');
insert into city_adaptation_techs (cityID, adaptationID) values ('3', '31');
insert into city_adaptation_techs (cityID, adaptationID) values ('18', '29');
insert into city_adaptation_techs (cityID, adaptationID) values ('11', '80');
insert into city_adaptation_techs (cityID, adaptationID) values ('12', '61');
insert into city_adaptation_techs (cityID, adaptationID) values ('4', '3');
insert into city_adaptation_techs (cityID, adaptationID) values ('14', '36');
insert into city_adaptation_techs (cityID, adaptationID) values ('19', '39');
insert into city_adaptation_techs (cityID, adaptationID) values ('8', '43');
insert into city_adaptation_techs (cityID, adaptationID) values ('26', '49');
insert into city_adaptation_techs (cityID, adaptationID) values ('23', '13');
insert into city_adaptation_techs (cityID, adaptationID) values ('17', '73');
insert into city_adaptation_techs (cityID, adaptationID) values ('27', '63');
insert into city_adaptation_techs (cityID, adaptationID) values ('4', '25');
insert into city_adaptation_techs (cityID, adaptationID) values ('9', '15');
insert into city_adaptation_techs (cityID, adaptationID) values ('1', '1');
insert into city_adaptation_techs (cityID, adaptationID) values ('25', '23');
insert into city_adaptation_techs (cityID, adaptationID) values ('11', '54');
insert into city_adaptation_techs (cityID, adaptationID) values ('24', '34');
insert into city_adaptation_techs (cityID, adaptationID) values ('5', '51');
insert into city_adaptation_techs (cityID, adaptationID) values ('6', '37');
insert into city_adaptation_techs (cityID, adaptationID) values ('22', '71');
insert into city_adaptation_techs (cityID, adaptationID) values ('7', '77');
insert into city_adaptation_techs (cityID, adaptationID) values ('10', '7');
insert into city_adaptation_techs (cityID, adaptationID) values ('3', '18');
insert into city_adaptation_techs (cityID, adaptationID) values ('15', '53');
insert into city_adaptation_techs (cityID, adaptationID) values ('14', '42');
insert into city_adaptation_techs (cityID, adaptationID) values ('30', '16');
insert into city_adaptation_techs (cityID, adaptationID) values ('21', '75');
insert into city_adaptation_techs (cityID, adaptationID) values ('29', '57');
insert into city_adaptation_techs (cityID, adaptationID) values ('20', '44');
insert into city_adaptation_techs (cityID, adaptationID) values ('16', '30');
insert into city_adaptation_techs (cityID, adaptationID) values ('18', '48');
insert into city_adaptation_techs (cityID, adaptationID) values ('28', '50');
insert into city_adaptation_techs (cityID, adaptationID) values ('19', '35');
insert into city_adaptation_techs (cityID, adaptationID) values ('12', '76');
insert into city_adaptation_techs (cityID, adaptationID) values ('13', '55');
insert into city_adaptation_techs (cityID, adaptationID) values ('2', '19');
